"","vecka","brand","format","totalvolume","totalvalue","LL","avgpricebefore","avgfinalprice","avgdiscount","totalnonpricecampaign","totalpricecampaign","nonpricecampaign","pricecampaign","depth","nondepth","avgcompLL","avgcomppricebefore","avgcompfinalprice","avgcompdiscount","totalvolume1","totalvalue1","LL1","avgfinalprice1","avgpricebefore1","avgdiscount1","nondepth1","avgcompLL1","avgcompfinalprice1","avgcomppricebefore1","avgcompdiscount1","dlogtotalvolume","dlogavgfinalprice","dlogavgpricebefore","dlognondepth","dlogLL","dlogavgcompLL","dlogavgcompfinalprice","cop_finalprice","cop_avgcompfinalprice","cop_logfinalprice","cop_logavgcompfinalprice","hgap","cgap","holiday","trend","campaign"
"3",201402,"Ramlösa",3,29,464.1,13,16.0034482758621,16.0034482758621,0,0,0,0,0,0,1,11.3491628935453,16.5848244474863,16.1801030923555,0.404721355130822,28,409.2,14,14.6142857142857,14.6142857142857,0,1,16.6744604316547,14.1684364136598,14.1684364136598,0,0.0350913198112703,0.0908046923583883,0.0908046923583883,0,-0.0741079721537217,-0.384734246021597,0.132765580424706,0.667604687259214,0.35353924775488,0.667604687259214,0.35353924775488,0.0908046923583883,-0.0109180278694835,1,2,0
"5",201403,"Ramlösa",3,28,354.71,12,12.7928571428571,12.6682142857143,0.124642857142857,0,12,0,1,0.00974316024567281,0.990256839754327,14.6488861639076,17.5672378972115,17.4233530471341,0.14388485007737,29,464.1,13,16.0034482758621,16.0034482758621,0,1,11.3491628935453,16.1801030923555,16.5848244474863,0.404721355130822,-0.0350913198112703,-0.233708172214675,-0.223917236809248,-0.00974316024567279,-0.0800427076735364,0.255220315470466,0.074029152313996,0.0164917230218579,0.730782063985963,0.0164917230218579,0.730782063985963,-0.233708172214675,-0.272917546270004,0,3,1
"8",201404,"Ramlösa",3,34,416.51,12,12.3117647058824,12.2502941176471,0.0614705882352941,0,48,0,1,0.00499283325370282,0.995007166746297,13.8989472973885,13.2912171576236,13.2122938060439,0.0789233515796493,28,354.71,12,12.6682142857143,12.7928571428571,0.124642857142857,0.990256839754327,14.6488861639076,17.4233530471341,17.5672378972115,0.14388485007737,0.194156014440958,-0.0335460977396287,-0.0383316940556697,0.00475032699196998,0,-0.0525511995374157,-0.276663690417137,-0.165664413868553,-0.442821657596511,-0.165664413868553,-0.442821657596511,-0.0335460977396287,-0.0728109518694465,0,4,1
"11",201405,"Ramlösa",3,30,329.83,13,11.0033333333333,10.9943333333333,0.009,39,13,1,1,0.000817933959406241,0.999182066040594,17.8959420262995,19.8439532989634,19.8211167349585,0.0228365640049053,34,416.51,12,12.2502941176471,12.3117647058824,0.0614705882352941,0.995007166746297,13.8989472973885,13.2122938060439,13.2912171576236,0.0789233515796493,-0.125163142954006,-0.108169957759263,-0.112357028198746,0.0041748992942966,0.0800427076735364,0.252760881436601,0.405600126058379,-0.58727721103808,1.41218757890616,-0.58727721103808,1.41218757890616,-0.108169957759263,-0.445322204578786,0,5,1
"14",201406,"Ramlösa",3,38,578.2,16,15.2157894736842,15.2157894736842,0,32,0,1,0,0,1,17.8910732655161,14.0304051075225,14.0304051075225,0,30,329.83,13,10.9943333333333,11.0033333333333,0.009,0.999182066040594,17.8959420262995,19.8211167349585,19.8439532989634,0.0228365640049053,0.23638877806423,0.324953681308771,0.324135412658868,0.000817933959406214,0.207639364778244,-0.000272096500573138,-0.345521103081644,0.516846727652609,-0.227319336112519,0.516846727652609,-0.227319336112519,0.324953681308771,0.0844868239425358,0,6,1
"17",201407,"Ramlösa",3,60,686.7,17,12.15,11.445,0.705,85,119,1,1,0.0580246913580247,0.941975308641975,20.8161086851043,14.1827180097922,14.1827180097922,0,38,578.2,16,15.2157894736842,15.2157894736842,0,1,17.8910732655161,14.0304051075225,14.0304051075225,0,0.456758402495715,-0.284780716451329,-0.225004500069302,-0.0580246913580247,0.060624621816435,0.151425254781707,0.0107974137713129,-0.436766492461671,-0.165664413868553,-0.436766492461671,-0.165664413868553,-0.284780716451329,-0.193031970874837,0,7,1
"20",201408,"Ramlösa",3,27,338.84,14,12.7518518518519,12.5496296296296,0.202222222222222,0,98,0,1,0.0158582631426082,0.984141736857392,19.5842832469775,17.8865256188831,17.4973138313184,0.389211787564767,60,686.7,17,11.445,12.15,0.705,0.941975308641975,20.8161086851043,14.1827180097922,14.1827180097922,0,-0.798507696217771,0.092138200154491,0.0483473345535916,0.0421664282154165,-0.194156014440958,-0.0609997735771786,0.210023191947849,-0.0605038043562068,0.759809571009918,-0.0605038043562068,0.759809571009918,0.092138200154491,-0.282768215132136,0,8,1
"23",201409,"Ramlösa",3,53,688.16,21,13.1264150943396,12.9841509433962,0.142264150943396,63,105,1,1,0.010838004887164,0.989161995112836,17.9499316168163,12.569898232231,12.1464908489709,0.423407383260136,27,338.84,14,12.5496296296296,12.7518518518519,0.202222222222222,0.984141736857392,19.5842832469775,17.4973138313184,17.8865256188831,0.389211787564767,0.674455047547793,0.0340383019242827,0.0289501150373246,0.00502025825544417,0.405465108108165,-0.0871410641294954,-0.365007064739046,0.0880655697240946,-0.8045963803603,0.0880655697240946,-0.8045963803603,0.0340383019242827,0.0689631355130309,0,9,1
"25",201410,"Ramlösa",3,41,548.86,18,14.0951219512195,13.3868292682927,0.708292682926829,36,162,1,1,0.0502509084616716,0.949749091538328,13.0172034243783,19.5337778107203,19.4442702294037,0.0895075813166315,53,688.16,21,12.9841509433962,13.1264150943396,0.142264150943396,0.989161995112836,17.9499316168163,12.1464908489709,12.569898232231,0.423407383260136,-0.256719846847814,0.0305418776940996,0.071202157241951,-0.0394129035745076,-0.154150679827258,-0.321314482323683,0.470512127860921,0.199201324789267,1.35493396671422,0.199201324789267,1.35493396671422,0.0305418776940996,-0.311528326321598,0,10,1
"29",201411,"Ramlösa",3,45,594.5,19,13.2111111111111,13.2111111111111,0,57,0,1,0,0,1,21.3945530108763,14.1470846228667,14.0888699266071,0.0582146962596162,41,548.86,18,13.3868292682927,14.0951219512195,0.708292682926829,0.949749091538328,13.0172034243783,19.4442702294037,19.5337778107203,0.0895075813166315,0.0930904230660117,-0.0132131068168864,-0.0647705502589075,0.0502509084616716,0.0540672212702757,0.496864534471713,-0.322167318153769,0.154528574694707,-0.204811632505135,0.154528574694707,-0.204811632505135,-0.0132131068168864,-0.0623015770653364,0,11,1
"31",201412,"Ramlösa",3,45,622.5,18,13.8333333333333,13.8333333333333,0,72,0,1,0,0,1,19.0977058344008,16.8438630931585,16.8438630931585,0,45,594.5,19,13.2111111111111,13.2111111111111,0,1,21.3945530108763,14.0888699266071,14.1470846228667,0.0582146962596162,0,0.0460229122080262,0.0460229122080262,0,-0.0540672212702757,-0.113568142970705,0.178601263574609,0.27269494694941,0.561346418336008,0.27269494694941,0.561346418336008,0.0460229122080262,-0.178731550071075,0,12,1
"34",201413,"Ramlösa",3,36,451.8,17,12.55,12.55,0,17,0,1,0,0,1,21.0830432935263,13.8241097273863,13.3768621730837,0.447247554302555,45,622.5,18,13.8333333333333,13.8333333333333,0,1,19.0977058344008,16.8438630931585,16.8438630931585,0,-0.22314355131421,-0.0973604729907502,-0.0973604729907502,0,-0.0571584138399484,0.098900867559863,-0.230459871352455,-0.0494931251918634,-0.382953306125502,-0.0494931251918634,-0.382953306125502,-0.0973604729907502,-0.0618128648097666,0,13,1
"39",201414,"Ramlösa",3,44,667.6,17,15.1727272727273,15.1727272727273,0,0,0,0,0,0,1,21.3111176489817,16.8224965439146,16.2675455769536,0.55495096696097,36,451.8,17,12.55,12.55,0,1,21.0830432935263,13.3768621730837,13.8241097273863,0.447247554302555,0.200670695462151,0.189778892291625,0.189778892291625,0,0,0.010759809879219,0.195645543116576,0.51057437520889,0.371149323202284,0.51057437520889,0.371149323202284,0.189778892291625,-0.0673007675956602,0,14,0
"42",201415,"Ramlösa",3,37,464.7,16,12.6567567567568,12.5594594594595,0.0972972972972973,0,32,0,1,0.0076873798846893,0.992312620115311,22.7872969553981,15.8111960966972,15.6768068427969,0.134389253900239,44,667.6,17,15.1727272727273,15.1727272727273,0,1,21.3111176489817,16.2675455769536,16.8224965439146,0.55495096696097,-0.173271721274037,-0.18902543442271,-0.181308354324146,-0.00768737988468926,-0.060624621816435,0.066974337719707,-0.0369897051474806,-0.043990118295311,0.227319336112519,-0.043990118295311,0.227319336112519,-0.18902543442271,-0.198850914895964,0,15,1
"43",201416,"Ramlösa",3,43,460.85,21,10.8906976744186,10.7174418604651,0.173255813953488,0,126,0,1,0.0159086055947042,0.984091394405296,22.7078005385515,14.8208991301762,14.7307200069099,0.0901791232663443,37,464.7,16,12.5594594594595,12.6567567567568,0.0972972972972973,0.992312620115311,22.7872969553981,15.6768068427969,15.8111960966972,0.134389253900239,0.150282203049338,-0.158601628700598,-0.150282203049338,-0.00822122571001493,0.271933715483642,-0.00349472809747953,-0.062247239367863,-0.709409852507664,-0.0274884205285162,-0.709409852507664,-0.0274884205285162,-0.158601628700598,-0.272442768891285,1,16,1
"46",201417,"Ramlösa",3,42,528.3,17,12.6857142857143,12.5785714285714,0.107142857142857,0,34,0,1,0.00844594594594594,0.991554054054054,24.4263670769139,15.1658656699262,15.103886217055,0.061979452871234,43,460.85,21,10.7174418604651,10.8906976744186,0.173255813953488,0.984091394405296,22.7078005385515,14.7307200069099,14.8208991301762,0.0901791232663443,-0.023530497410194,0.160122191140791,0.152567500446877,0.00746265964875825,-0.211309093667207,0.0729546652406703,0.0250169664898667,-0.016491723021858,0.121230114713085,-0.016491723021858,0.121230114713085,0.160122191140791,-0.16719635941325,1,17,1
"50",201418,"Ramlösa",3,66,818.2,21,12.8242424242424,12.3969696969697,0.427272727272727,84,147,1,1,0.0333175803402646,0.966682419659735,25.5594970725626,15.9807980407956,15.9261768119307,0.0546212288648468,42,528.3,17,12.5785714285714,12.6857142857143,0.107142857142857,0.991554054054054,24.4263670769139,15.103886217055,15.1658656699262,0.061979452871234,0.451985123743057,-0.0145426224180296,0.0108608181347982,-0.0248716343943187,0.211309093667207,0.0453457862102176,0.0530120197905029,-0.121230114713085,0.266994125404953,-0.121230114713085,0.266994125404953,-0.0145426224180296,-0.221597886086334,1,18,1
"53",201419,"Ramlösa",3,84,925.2,21,11.6857142857143,11.0142857142857,0.671428571428571,84,168,1,1,0.0574572127139364,0.942542787286064,26.0185169236069,11.299940635112,11.2544337881565,0.0455068469554733,66,818.2,21,12.3969696969697,12.8242424242424,0.427272727272727,0.966682419659735,25.5594970725626,15.9261768119307,15.9807980407956,0.0546212288648468,0.241162056816888,-0.118258931954902,-0.0929702245242217,-0.0241396323736718,0,0.0177995209360398,-0.347201930355964,-0.574263545822124,-1.3147424009236,-0.574263545822124,-1.3147424009236,-0.118258931954902,-0.0213380858061072,0,19,1
"56",201420,"Ramlösa",3,63,740.2,17,11.9634920634921,11.7492063492064,0.214285714285714,0,68,0,1,0.0179116359294149,0.982088364070585,22.3630905885241,15.2773524658382,15.2597387350038,0.0176137308344678,84,925.2,21,11.0142857142857,11.6857142857143,0.671428571428571,0.942542787286064,26.0185169236069,11.2544337881565,11.299940635112,0.0455068469554733,-0.287682072451781,0.0645925620465526,0.023492589904504,0.0395455767845215,-0.211309093667207,-0.151396615646471,0.304455739295155,-0.307093861635566,0.154528574694707,-0.307093861635566,0.154528574694707,0.0645925620465526,-0.230051932523898,0,20,1
"58",201421,"Ramlösa",3,39,512.6,16,13.2589743589744,13.1435897435897,0.115384615384615,0,32,0,1,0.00870237865016438,0.991297621349836,20.5457141011563,19.3820991906803,19.2598948701875,0.122204320492839,63,740.2,17,11.7492063492064,11.9634920634921,0.214285714285714,0.982088364070585,22.3630905885241,15.2597387350038,15.2773524658382,0.0176137308344678,-0.479573080261886,0.112148474239802,0.102814948814637,0.00920925727925059,-0.060624621816435,-0.0847594986217701,0.232807043096012,0.137860236184257,1.30180674888568,0.137860236184257,1.30180674888568,0.112148474239802,-0.317566900952569,0,21,1
"61",201422,"Ramlösa",3,31,389.9,11,12.5774193548387,12.5774193548387,0,0,0,0,0,0,1,19.7656874139981,13.7699609258839,13.3047025467335,0.465258379150408,39,512.6,16,13.1435897435897,13.2589743589744,0.115384615384615,0.991297621349836,20.5457141011563,19.2598948701875,19.3820991906803,0.122204320492839,-0.2295744416445,-0.0440310762969194,-0.0527715417691241,0.00870237865016432,-0.37469344944141,-0.0387048841350204,-0.369907400224496,-0.0219897393775453,-0.400760461851093,-0.0219897393775453,-0.400760461851093,-0.0440310762969194,-0.054663619073041,1,22,0
"64",201423,"Ramlösa",3,41,549.9,14,13.4121951219512,13.4121951219512,0,42,0,1,0,0,1,22.5005218690603,15.9401126870946,15.8932517944139,0.046860892680749,31,389.9,11,12.5774193548387,12.5774193548387,0,1,19.7656874139981,13.3047025467335,13.7699609258839,0.465258379150408,0.279584862219162,0.0642612853060562,0.0642612853060562,0,0.241162056816888,0.129591027620637,0.177777056013608,0.204811632505135,0.26130196788494,0.204811632505135,0.26130196788494,0.0642612853060562,-0.156107554612247,1,23,1
"68",201424,"Ramlösa",3,62,698.35,20,11.7387096774194,11.2637096774194,0.475,0,100,0,1,0.0404644133003572,0.959535586699643,23.1938779305471,15.0303959251567,14.587592233334,0.442803691822653,41,549.9,14,13.4121951219512,13.4121951219512,0,1,22.5005218690603,15.8932517944139,15.9401126870946,0.046860892680749,0.413562318340784,-0.174578352102772,-0.133272476676493,-0.0404644133003572,0.356674943938732,0.0303498584233477,-0.0857232833331349,-0.485681527934164,-0.0605038043562068,-0.485681527934164,-0.0605038043562068,-0.174578352102772,-0.227856832213837,0,24,1
"70",201425,"Ramlösa",3,85,1162.28,20,14.5235294117647,13.6738823529412,0.849647058823529,0,360,0,1,0.0585014175779668,0.941498582422033,19.4313146974835,18.4856441056667,18.0345888151578,0.451055290508927,62,698.35,20,11.2637096774194,11.7387096774194,0.475,0.959535586699643,23.1938779305471,14.587592233334,15.0303959251567,0.442803691822653,0.315516871445225,0.193901591043146,0.21287815216195,-0.0180370042776096,0,-0.177002437167321,0.212120194467508,0.244275387814434,0.916033884735028,0.244275387814434,0.916033884735028,0.193901591043146,-0.241796833124995,1,25,1
"73",201426,"Ramlösa",3,27,312.1,11,11.5592592592593,11.5592592592593,0,0,0,0,0,0,1,18.8713976821609,21.3196089438994,20.6879738925642,0.63163505133515,85,1162.28,20,13.6738823529412,14.5235294117647,0.849647058823529,0.941498582422033,19.4313146974835,18.0345888151578,18.4856441056667,0.451055290508927,-1.14681439048599,-0.16800083247743,-0.228283269022513,0.0585014175779668,-0.59783700075562,-0.0292384987334571,0.137261045243187,-0.400760461851093,1.6843954831102,-0.400760461851093,1.6843954831102,-0.16800083247743,-0.441257064645951,0,26,0
"76",201427,"Ramlösa",3,40,520,13,13,13,0,0,0,0,0,0,1,18.7665472667809,19.2424158710002,19.1501377834749,0.0922780875253076,27,312.1,11,11.5592592592593,11.5592592592593,0,1,18.8713976821609,20.6879738925642,21.3196089438994,0.63163505133515,0.393042588109607,0.117462574189132,0.117462574189132,0,0.167054084663166,-0.00557154152562278,-0.0772426495080558,0.104633455614075,1.27656918729983,0.104633455614075,1.27656918729983,0.117462574189132,-0.321153709336859,0,27,0
"81",201428,"Ramlösa",3,48,596.4,12,12.425,12.425,0,12,0,1,0,0,1,26.0152240104393,16.2025934671389,15.8613053708652,0.341288096273742,40,520,13,13,13,0,1,18.7665472667809,19.1501377834749,19.2424158710002,0.0922780875253076,0.182321556793955,-0.0452387854788441,-0.0452387854788441,0,-0.0800427076735364,0.326606021404744,-0.188427391885228,-0.115694409790287,0.255618264216333,-0.115694409790287,0.255618264216333,-0.0452387854788441,-0.216647072262864,0,28,1
"82",201429,"Ramlösa",3,41,536.9,18,13.0951219512195,13.0951219512195,0,0,0,0,0,0,1,24.1643511676027,21.3308815408653,21.2963137790872,0.0345677617780781,48,596.4,12,12.425,12.425,0,1,26.0152240104393,15.8613053708652,16.2025934671389,0.341288096273742,-0.157628944203583,0.0525292187415234,0.0525292187415234,0,0.405465108108164,-0.0738034506758241,0.294651477048667,0.132312852276171,1.83985537077794,0.132312852276171,1.83985537077794,0.0525292187415234,-0.385099126212217,0,29,0
"85",201430,"Ramlösa",3,100,1246.58,21,13.202,12.4658,0.7362,21,189,1,1,0.0557642781396758,0.944235721860324,24.6998482506276,24.4352973570329,24.423901440428,0.0113959166049007,41,536.9,18,13.0951219512195,13.0951219512195,0,1,24.1643511676027,21.2963137790872,21.3308815408653,0.0345677617780781,0.891598119283784,-0.0492508961049549,0.00812854254236317,-0.0557642781396758,0.154150679827258,0.0219186450680522,0.137028224343182,-0.104633455614075,2.29158114433288,-0.104633455614075,2.29158114433288,-0.0492508961049549,-0.489606522102738,0,30,1
"88",201431,"Ramlösa",3,57,667.1,18,11.8298245614035,11.7035087719298,0.126315789473684,90,36,1,1,0.0106777398783924,0.989322260121608,21.3658895630262,16.7185456579646,16.5973281658269,0.121217492137693,100,1246.58,21,12.4658,13.202,0.7362,0.944235721860324,24.6998482506276,24.423901440428,24.4352973570329,0.0113959166049007,-0.562118918153542,-0.0631002027383416,-0.109744485360593,0.0450865382612834,-0.154150679827258,-0.145001395223829,-0.386320491524733,-0.336038140371823,0.491875983048047,-0.336038140371823,0.491875983048047,-0.0631002027383416,-0.294855855412512,0,31,1
"93",201432,"Ramlösa",3,60,615.2,16,11.0333333333333,10.2533333333333,0.78,64,128,1,1,0.0706948640483384,0.929305135951662,19.1225123855907,28.7711163825678,28.7711163825678,0,57,667.1,18,11.7035087719298,11.8298245614035,0.126315789473684,0.989322260121608,21.3658895630262,16.5973281658269,16.7185456579646,0.121217492137693,0.0512932943875501,-0.132285835911586,-0.0697028541910782,-0.060017124169946,-0.117783035656383,-0.110929404781014,0.550130251972557,-0.789491901222326,5.19933758229066,-0.789491901222326,5.19933758229066,-0.132285835911586,-0.643624070856501,0,32,1
"94",201433,"Ramlösa",3,38,468.2,10,13.3210526315789,12.3210526315789,1,0,70,0,1,0.075069142631371,0.924930857368629,16.4771315281695,17.3671868178921,17.3086293541321,0.0585574637600368,60,615.2,16,10.2533333333333,11.0333333333333,0.78,0.929305135951662,19.1225123855907,28.7711163825678,28.7711163825678,0,-0.456758402495715,0.183706539361091,0.18842469466973,-0.00437427858303263,-0.470003629245735,-0.148892848336119,-0.508166796776435,-0.143411865809806,0.69534023461453,-0.143411865809806,0.69534023461453,0.183706539361091,-0.288155498653766,0,33,1
"97",201434,"Ramlösa",3,39,417.21,13,10.7717948717949,10.6976923076923,0.0741025641025641,0,65,0,1,0.00687931444894073,0.993120685551059,18.440282775531,18.7952242779352,18.6532745973315,0.141949680603764,38,468.2,10,12.3210526315789,13.3210526315789,1,0.924930857368629,16.4771315281695,17.3086293541321,17.3671868178921,0.0585574637600368,0.0259754864032606,-0.141281349301442,-0.212414556338948,0.0681898281824302,0.262364264467491,0.112564101334705,0.0748165285652203,-0.730782063985963,1.07874424836397,-0.730782063985963,1.07874424836397,-0.141281349301442,-0.426497891730886,0,34,1
"102",201435,"Ramlösa",3,43,539.62,14,12.6674418604651,12.5493023255814,0.118139534883721,0,28,0,1,0.00932623462456398,0.990673765375436,21.4537164309257,19.5266712957917,18.9090935879006,0.617577707891111,39,417.21,13,10.6976923076923,10.7717948717949,0.0741025641025641,0.993120685551059,18.440282775531,18.6532745973315,18.7952242779352,0.141949680603764,0.0976384695639161,0.159637026416401,0.162103936650376,-0.0024469201756232,0.0741079721537217,0.151360337639715,0.0136212362672303,-0.0660118123758407,1.18291684419089,-0.0660118123758407,1.18291684419089,0.159637026416401,-0.336335067186332,0,35,1
"105",201436,"Ramlösa",3,44,505.61,14,11.5727272727273,11.4911363636364,0.0815909090909091,0,14,0,1,0.00705027494108405,0.992949725058916,21.2891918933878,21.5718831724112,21.513866814426,0.0580163579852685,43,539.62,14,12.5493023255814,12.6674418604651,0.118139534883721,0.990673765375436,21.4537164309257,18.9090935879006,19.5266712957917,0.617577707891111,0.0229895182246986,-0.088089085245576,-0.090383835931076,0.00227595968347993,0,-0.00769836946202984,0.129054746773151,-0.418695620883646,1.93793151085283,-0.418695620883646,1.93793151085283,-0.088089085245576,-0.465873036086146,0,36,1
"106",201437,"Ramlösa",3,46,531.8,15,11.5826086956522,11.5608695652174,0.0217391304347826,0,15,0,1,0.00187687687687688,0.998123123123123,19.9053808858086,20.9803568344659,20.9039300582071,0.0764267762588053,44,505.61,14,11.4911363636364,11.5727272727273,0.0815909090909091,0.992949725058916,21.2891918933878,21.513866814426,21.5718831724112,0.0580163579852685,0.0444517625708341,0.00605009512001731,0.000853489972094224,0.00517339806420714,0.0689928714869517,-0.067209429635446,-0.0287605129881054,-0.394810891741148,1.7568266072519,-0.394810891741148,1.7568266072519,0.00605009512001731,-0.446952341831126,0,37,1
"109",201438,"Ramlösa",3,57,606.86,15,11.4438596491228,10.6466666666667,0.79719298245614,30,120,1,1,0.0696611988348919,0.930338801165108,24.6875509993528,26.4924303025649,26.4803351843236,0.0120951182412582,46,531.8,15,11.5608695652174,11.5826086956522,0.0217391304347826,0.998123123123123,19.9053808858086,20.9039300582071,20.9803568344659,0.0764267762588053,0.214409871345455,-0.0823792282010682,-0.0120514117695842,-0.067784321958015,0,0.215309017004024,0.236465206651155,-0.745217325237565,2.62081714263634,-0.745217325237565,2.62081714263634,-0.0823792282010682,-0.597940638116639,0,38,1
"114",201439,"Ramlösa",3,30,323.63,12,10.8666666666667,10.7876666666667,0.079,0,48,0,1,0.00726993865030675,0.992730061349693,17.4802430076403,17.9779061997001,17.8323539312278,0.145552268472335,57,606.86,15,10.6466666666667,11.4438596491228,0.79719298245614,0.930338801165108,24.6875509993528,26.4803351843236,26.4924303025649,0.0120951182412582,-0.641853886172395,0.0131566521521274,-0.051753311262948,0.0623912601845851,-0.22314355131421,-0.345227836286103,-0.395387945025487,-0.69534023461453,0.858981220034729,-0.69534023461453,0.858981220034729,0.0131566521521274,-0.395050888499054,0,39,1
"117",201440,"Ramlösa",3,36,514.91,14,14.4277777777778,14.3030555555556,0.124722222222222,0,70,0,1,0.00864458991143627,0.991355410088564,16.6871231488176,18.8706821079869,18.6746978960849,0.195984211901974,30,323.63,12,10.7876666666667,10.8666666666667,0.079,0.992730061349693,17.4802430076403,17.8323539312278,17.9779061997001,0.145552268472335,0.182321556793954,0.282069683383356,0.283455361067986,-0.00137465126112946,0.154150679827258,-0.0464339191065957,0.046155109990091,0.365266770316778,1.09862922566665,0.365266770316778,1.09862922566665,0.282069683383356,-0.234094407569819,0,40,1
"119",201441,"Ramlösa",3,39,501.97,15,12.8897435897436,12.8710256410256,0.0187179487179487,0,15,0,1,0.00145215834493734,0.998547841655063,23.9016154363922,15.4791073805158,15.2676847722654,0.211422608250337,36,514.91,14,14.3030555555556,14.4277777777778,0.124722222222222,0.991355410088564,16.6871231488176,18.6746978960849,18.8706821079869,0.195984211901974,0.0800427076735364,-0.105494478834089,-0.112723436203655,0.00719243156649885,0.0689928714869517,0.35930869507103,-0.201431065603431,0.0549976313126207,0.160094012667166,0.0549976313126207,0.160094012667166,-0.105494478834089,-0.156975937543159,0,41,1
"121",201442,"Ramlösa",3,38,445.01,14,11.7157894736842,11.7107894736842,0.005,0,14,0,1,0.000426774483378257,0.999573225516622,15.8381219584004,20.63657567693,20.5291463823388,0.10742929459119,39,501.97,15,12.8710256410256,12.8897435897436,0.0187179487179487,0.998547841655063,23.9016154363922,15.2676847722654,15.4791073805158,0.211422608250337,-0.0259754864032606,-0.0944681167226737,-0.0954944648938794,0.00102538386155915,-0.0689928714869517,-0.4115262320093,0.296107162759741,-0.324427985615907,1.61985625863827,-0.324427985615907,1.61985625863827,-0.0944681167226737,-0.429553023999138,0,42,1
"126",201443,"Ramlösa",3,41,500.21,17,12.4121951219512,12.200243902439,0.211951219512195,0,136,0,1,0.0170760463745333,0.982923953625467,21.4704269152796,20.5549823184774,20.4083237916533,0.146658526824084,38,445.01,14,11.7107894736842,11.7157894736842,0.005,0.999573225516622,15.8381219584004,20.5291463823388,20.63657567693,0.10742929459119,0.0759859069779223,0.0409453494450958,0.0577420072154755,-0.0166492718911551,0.194156014440958,0.304256679838316,-0.00590280449628677,-0.182407222834474,1.50790459144056,-0.182407222834474,1.50790459144056,0.0409453494450958,-0.402192751007373,0,43,1
"129",201444,"Ramlösa",3,60,708.98,17,12.65,11.8163333333333,0.833666666666667,34,153,1,1,0.0659025032938076,0.934097496706192,20.2338244241387,27.2430082946401,26.9532887152616,0.28971957937853,41,500.21,17,12.200243902439,12.4121951219512,0.211951219512195,0.982923953625467,21.4704269152796,20.4083237916533,20.5549823184774,0.146658526824084,0.380772495517792,-0.0319731883751309,0.0189777482830498,-0.0488264569192743,0,-0.059320815486092,0.278162473529228,-0.284123433309131,2.84897991568233,-0.284123433309131,2.84897991568233,-0.0319731883751309,-0.561599571088976,1,44,1
"132",201445,"Ramlösa",3,33,466.9,16,14.1484848484849,14.1484848484849,0,0,0,0,0,0,1,17.9331151321926,16.6488009075734,16.35818763081,0.290613276763428,60,708.98,17,11.8163333333333,12.65,0.833666666666667,0.934097496706192,20.2338244241387,26.9532887152616,27.2430082946401,0.28971957937853,-0.59783700075562,0.180124785342969,0.111950325336882,0.0659025032938076,-0.060624621816435,-0.120706669401283,-0.499376775635662,0.336038140371823,0.388875264282968,0.336038140371823,0.388875264282968,0.180124785342969,-0.135082371727004,0,45,0
"134",201446,"Ramlösa",3,34,441.6,11,13.0176470588235,12.9882352941176,0.0294117647058824,0,11,0,1,0.00225937641211026,0.99774062358789,17.4663226713145,19.0099681721049,18.7755584153059,0.234409756798977,33,466.9,16,14.1484848484849,14.1484848484849,0,1,17.9331151321926,16.35818763081,16.6488009075734,0.290613276763428,0.0298529631496813,-0.085563570163687,-0.0833016375096234,-0.00225937641211027,-0.37469344944141,-0.0263744030011912,0.137827395175739,0.0935852883805211,1.13976081019282,0.0935852883805211,1.13976081019282,-0.085563570163687,-0.30823707040694,0,46,1
"136",201447,"Ramlösa",3,25,330.7,13,13.34,13.228,0.112,0,39,0,1,0.00839580209895052,0.991604197901049,16.3054917610486,18.1922383473504,17.7332699638225,0.458968383527953,34,441.6,11,12.9882352941176,13.0176470588235,0.0294117647058824,0.99774062358789,17.4663226713145,18.7755584153059,19.0099681721049,0.234409756798977,-0.307484699747961,0.0182918247728225,0.0244611374866901,-0.00613642568684025,0.167054084663166,-0.0687726391501773,-0.0571134054964437,0.160094012667166,0.827604115393382,0.160094012667166,0.827604115393382,0.0182918247728225,-0.254057484773741,0,47,1
"141",201448,"Ramlösa",3,79,864.1,16,11.9632911392405,10.9379746835443,1.0253164556962,0,208,0,1,0.0857052163792191,0.914294783620781,21.7948695614303,16.5202241928621,16.127765922819,0.392458270043184,25,330.7,13,13.228,13.34,0.112,0.991604197901049,16.3054917610486,17.7332699638225,18.1922383473504,0.458968383527953,1.15057202759882,-0.190095144739215,-0.108924150953489,-0.0773094142802686,0.207639364778244,0.290172631954776,-0.0949001561349161,-0.606986834803486,0.341860150088413,-0.606986834803486,0.341860150088413,-0.190095144739215,-0.321792321646465,0,48,1
"144",201449,"Ramlösa",3,35,499.47,17,14.5,14.2705714285714,0.229428571428571,0,85,0,1,0.0158226600985222,0.984177339901478,20.3309800367305,15.5776634969327,15.2711189319899,0.306544564942852,79,864.1,16,10.9379746835443,11.9632911392405,1.0253164556962,0.914294783620781,21.7948695614303,16.127765922819,16.5202241928621,0.392458270043184,-0.814099790977608,0.265958824355125,0.19230575989254,0.069882556280697,0.060624621816435,-0.0695287679703718,-0.0545789850343956,0.35353924775488,0.165664413868553,0.35353924775488,0.165664413868553,0.265958824355125,-0.0655189385842895,0,49,1
"146",201450,"Ramlösa",3,37,481.7,16,13.0621621621622,13.0189189189189,0.0432432432432432,0,48,0,1,0.00331057314297538,0.996689426857025,18.4092820463133,15.1396018573036,14.5397065103759,0.599895346927723,35,499.47,17,14.2705714285714,14.5,0.229428571428571,0.984177339901478,20.3309800367305,15.2711189319899,15.5776634969327,0.306544564942852,0.0555698511548108,-0.0917958737435058,-0.104428983219714,0.0125120869555468,-0.060624621816435,-0.0992908364517628,-0.0490801061145056,0.110162247968405,-0.0770340075465876,0.110162247968405,-0.0770340075465876,-0.0917958737435058,-0.104595480683995,0,50,1
"148",201451,"Ramlösa",3,64,748.41,13,11.93125,11.69390625,0.23734375,0,78,0,1,0.0198926139339969,0.980107386066003,22.8511224256754,16.087168567603,15.1459178902965,0.941250677306537,37,481.7,16,13.0189189189189,13.0621621621622,0.0432432432432432,0.996689426857025,18.4092820463133,14.5397065103759,15.1396018573036,0.599895346927723,0.547965170715447,-0.107335728202368,-0.0905586577148938,-0.0165820407910215,-0.207639364778244,0.21614524115053,0.0408477625425534,-0.347693770638922,0.132312852276171,-0.347693770638922,0.132312852276171,-0.107335728202368,-0.227916965171724,0,51,1
"152",201452,"Ramlösa",3,37,492.8,14,13.3864864864865,13.3189189189189,0.0675675675675676,0,42,0,1,0.00504744599232788,0.994952554007672,21.0722046285018,18.7335444977829,18.545437877449,0.188106620333883,64,748.41,13,11.69390625,11.93125,0.23734375,0.980107386066003,22.8511224256754,15.1459178902965,16.087168567603,0.941250677306537,-0.547965170715447,0.130117626785503,0.115084718458047,0.014845167941669,0.0741079721537217,-0.0810453817339876,0.202492772817254,0.18799930884492,1.04969220422516,0.18799930884492,1.04969220422516,0.130117626785503,-0.281822353997123,1,52,1
"155",201501,"Ramlösa",3,78,919.91,20,11.8692307692308,11.793717948718,0.0755128205128205,0,60,0,1,0.00636206524087276,0.993637934759127,21.6196952318532,15.1176159192016,14.9583685257713,0.159247393430323,37,492.8,14,13.3189189189189,13.3864864864865,0.0675675675675676,0.994952554007672,21.0722046285018,18.545437877449,18.7335444977829,0.188106620333883,0.745790914045367,-0.121618487093832,-0.120296325042389,-0.00131461924854492,0.356674943938732,0.0256498596541048,-0.214952911445072,-0.295589151263063,0.0880655697240946,-0.295589151263063,0.0880655697240946,-0.121618487093832,-0.21156388623539,1,53,1
"158",201502,"Ramlösa",3,32,570.3,15,17.8375,17.821875,0.015625,0,15,0,1,0.000875963559915908,0.999124036440084,15.8872361205018,16.6792999927223,16.0546768687982,0.624623123924123,78,919.91,20,11.793717948718,11.8692307692308,0.0755128205128205,0.993637934759127,21.6196952318532,14.9583685257713,15.1176159192016,0.159247393430323,-0.890972923889865,0.412859622881512,0.407353580895376,0.00548610168095687,-0.287682072451781,-0.308088688402474,0.0707292899883543,0.985127588334746,0.318639363964375,0.985127588334746,0.318639363964375,0.412859622881512,0.110073727776876,1,54,1
"162",201503,"Ramlösa",3,37,430.01,13,12.4675675675676,11.6218918918919,0.845675675675676,0,26,0,1,0.0678300455235205,0.93216995447648,18.6511886035696,17.0930064586,16.9735438735614,0.119462585038581,32,570.3,15,17.821875,17.8375,0.015625,0.999124036440084,15.8872361205018,16.0546768687982,16.6792999927223,0.624623123924123,0.145182009844498,-0.427536083775841,-0.358172304883404,-0.0669540819636045,-0.143100843640673,0.160393849028707,0.0556556882972776,-0.371149323202284,0.606986834803486,-0.371149323202284,0.606986834803486,-0.427536083775841,-0.315293731322983,0,55,1
"165",201504,"Ramlösa",3,54,578.4,15,11.937037037037,10.7111111111111,1.22592592592593,30,165,1,1,0.102699348433137,0.897300651566863,17.0347412710958,12.5126052308505,12.2602476743173,0.252357556533237,37,430.01,13,11.6218918918919,12.4675675675676,0.845675675675676,0.93216995447648,18.6511886035696,16.9735438735614,17.0930064586,0.119462585038581,0.37806613392005,-0.0816089273066449,-0.0434847551024871,-0.0348693029096163,0.143100843640673,-0.0906550132340467,-0.325293756996652,-0.723621325174215,-0.730782063985963,-0.723621325174215,-0.730782063985963,-0.0816089273066449,-0.126354426464916,0,56,1
"167",201505,"Ramlösa",3,35,415.97,16,12.0142857142857,11.8848571428571,0.129428571428571,0,48,0,1,0.0107728894173603,0.98922711058264,22.8304476743716,15.0943691173669,14.8375459475773,0.256823169789642,54,578.4,15,10.7111111111111,11.937037037037,1.22592592592593,0.897300651566863,17.0347412710958,12.2602476743173,12.5126052308505,0.252357556533237,-0.433635985074861,0.103983456506515,0.00645049510652562,0.0919264590157765,0.0645385211375711,0.292840206469086,0.190798724526259,-0.244275387814434,0.0549976313126207,-0.244275387814434,0.0549976313126207,0.103983456506515,-0.19900115660314,0,57,1
"170",201506,"Ramlösa",3,44,570.7,13,12.9909090909091,12.9704545454545,0.0204545454545455,0,13,0,1,0.00157452764170749,0.998425472358292,22.5712889221126,14.9112253766298,14.7799523418336,0.131273034796171,35,415.97,16,11.8848571428571,12.0142857142857,0.129428571428571,0.98922711058264,22.8304476743716,14.8375459475773,15.0943691173669,0.256823169789642,0.228841572428848,0.0874089628376065,0.0781533942138619,0.00919836177565281,-0.207639364778244,-0.0114163724314382,-0.00388916563956077,0.0825485329041129,0.0109942051395756,0.0825485329041129,0.0109942051395756,0.0874089628376065,-0.122429203730071,0,58,1
"172",201507,"Ramlösa",3,47,608.35,17,13.0489361702128,12.9436170212766,0.10531914893617,0,51,0,1,0.00807109082015327,0.991928909179847,19.9928840445378,22.4986523130565,22.4551269353114,0.0435253777450486,44,570.7,13,12.9704545454545,12.9909090909091,0.0204545454545455,0.998425472358292,22.5712889221126,14.7799523418336,14.9112253766298,0.131273034796171,0.0659579677917974,-0.00207127110100203,0.00445679878442862,-0.00649656317844571,0.268263986594679,-0.121302284487669,0.418247268387828,0.0770340075465876,2.05921460987167,0.0770340075465876,2.05921460987167,-0.00207127110100203,-0.423578541392152,0,59,1
"177",201508,"Ramlösa",3,40,507.68,15,12.88,12.692,0.188,0,75,0,1,0.0145962732919255,0.985403726708075,20.6838620129321,15.0592359631818,14.5463594019433,0.512876561238507,47,608.35,17,12.9436170212766,13.0489361702128,0.10531914893617,0.991928909179847,19.9928840445378,22.4551269353114,22.4986523130565,0.0435253777450486,-0.161268147596122,-0.0196308988024501,-0.0130308902456719,-0.00652518247177225,-0.125163142954006,0.0339773708434756,-0.434178210014706,0.0329879329374029,-0.0715218238155482,0.0329879329374029,-0.0715218238155482,-0.0196308988024501,-0.127479278540001,0,60,1
"179",201509,"Ramlösa",3,68,738.2,17,12.2088235294118,10.8558823529412,1.35294117647059,17,170,1,1,0.110816670681763,0.889183329318237,20.6024226712795,14.3689441951632,14.1497156963952,0.219228498768038,40,507.68,15,12.692,12.88,0.188,0.985403726708075,20.6838620129321,14.5463594019433,15.0592359631818,0.512876561238507,0.530628251062171,-0.156264788301157,-0.0535167902333757,-0.0962203973898379,0.125163142954006,-0.0039451090308309,-0.0276462176243184,-0.660751127140255,-0.193597280095634,-0.660751127140255,-0.193597280095634,-0.156264788301157,-0.232784418721087,0,61,1
"182",201510,"Ramlösa",3,36,442.95,13,12.3166666666667,12.3041666666667,0.0125,0,13,0,1,0.0010148849797023,0.998985115020298,20.7556690681469,17.5085409516963,17.2925949142365,0.215946037459756,68,738.2,17,10.8558823529412,12.2088235294118,1.35294117647059,0.889183329318237,20.6024226712795,14.1497156963952,14.3689441951632,0.219228498768038,-0.635988766719997,0.12523087298214,0.00879442828326926,0.109801785702061,-0.268263986594679,0.00741074318315604,0.200583838469261,-0.154528574694707,0.688356880905426,-0.154528574694707,0.688356880905426,0.12523087298214,-0.288471931038123,0,62,1
"184",201511,"Ramlösa",3,49,599.61,17,12.2673469387755,12.2369387755102,0.0304081632653061,0,17,0,1,0.00247878888704043,0.99752121111296,23.7058284895294,15.3800462841031,15.2734042022508,0.10664208185229,36,442.95,13,12.3041666666667,12.3166666666667,0.0125,0.998985115020298,20.7556690681469,17.2925949142365,17.5085409516963,0.215946037459756,0.308301359654517,-0.00547881263799832,-0.00401234679161178,-0.00146390390733819,0.268263986594679,0.132901528268404,-0.12416534184002,-0.176820835190442,0.176820835190442,-0.176820835190442,0.176820835190442,-0.00547881263799832,-0.198807376962705,0,63,1
"187",201512,"Ramlösa",3,38,558.49,16,14.8473684210526,14.6971052631579,0.150263157894737,0,32,0,1,0.0101205246366537,0.989879475363346,17.7808934804507,20.1832850253892,19.6743639468217,0.508921078567435,49,599.61,17,12.2369387755102,12.2673469387755,0.0304081632653061,0.99752121111296,23.7058284895294,15.2734042022508,15.3800462841031,0.10664208185229,-0.254234138384241,0.183191407755684,0.190881626907021,-0.00764173574961324,-0.060624621816435,-0.287596464917016,0.253203437403088,0.436766492461671,1.38299412710064,0.436766492461671,1.38299412710064,0.183191407755684,-0.252981936143755,0,64,1
"192",201513,"Ramlösa",3,39,566.62,16,14.6948717948718,14.5287179487179,0.166153846153846,0,96,0,1,0.0113069272378293,0.988693072762171,19.638729891432,17.9589562009839,17.6757512291986,0.28320497178526,38,558.49,16,14.6971052631579,14.8473684210526,0.150263157894737,0.989879475363346,17.7808934804507,19.6743639468217,20.1832850253892,0.508921078567435,0.0259754864032606,-0.0115233146054319,-0.0103240634134645,-0.00118640260117564,0,0.0993791505391104,-0.107122752553555,0.394810891741148,0.8045963803603,0.394810891741148,0.8045963803603,-0.0115233146054319,-0.178042406213664,0,65,1
"195",201514,"Ramlösa",3,106,1182.62,20,11.9566037735849,11.1567924528302,0.799811320754717,20,240,1,1,0.0668928515070223,0.933107148492978,17.7724724907289,16.0608440006388,15.8311107877008,0.229733212938004,39,566.62,16,14.5287179487179,14.6948717948718,0.166153846153846,0.988693072762171,19.638729891432,17.6757512291986,17.9589562009839,0.28320497178526,0.999877447982421,-0.264078737893469,-0.206214832650696,-0.055585924269193,0.22314355131421,-0.0998528603918487,-0.110216672022219,-0.529453017544789,0.249942806252822,-0.529453017544789,0.249942806252822,-0.264078737893469,-0.295261551609005,1,66,1
"198",201515,"Ramlösa",3,41,412.64,15,10.2170731707317,10.0643902439024,0.152682926829268,0,60,0,1,0.0149439006922893,0.985056099307711,26.4853303298329,18.1984509526442,17.7300413243513,0.46840962829282,106,1182.62,20,11.1567924528302,11.9566037735849,0.799811320754717,0.933107148492978,17.7724724907289,15.8311107877008,16.0608440006388,0.229733212938004,-0.949867027407759,-0.103045025591989,-0.157223581528668,0.0519489508147329,-0.287682072451781,0.398940236290953,0.113283409625674,-0.812217801499913,0.819886695889314,-0.812217801499913,0.819886695889314,-0.103045025591989,-0.432353819160055,1,67,1
"200",201516,"Ramlösa",3,62,751.51,13,12.158064516129,12.1211290322581,0.0369354838709677,0,39,0,1,0.0030379410984346,0.996962058901565,23.3046968131606,19.3964070719491,19.267266394618,0.129140677331093,41,412.64,15,10.0643902439024,10.2170731707317,0.152682926829268,0.985056099307711,26.4853303298329,17.7300413243513,18.1984509526442,0.46840962829282,0.413562318340784,0.185946655350571,0.173932534539262,0.0119059595938548,-0.143100843640673,-0.12793608703412,0.0831471634320256,-0.193597280095634,1.3147424009236,-0.193597280095634,1.3147424009236,0.185946655350571,-0.370895238379851,0,68,1
"202",201517,"Ramlösa",3,53,664.58,18,12.7301886792453,12.5392452830189,0.190943396226415,36,126,1,1,0.0149992589298948,0.985000741070105,16.9234031819583,15.3999208575104,15.2764247984704,0.12349605904001,62,751.51,13,12.1211290322581,12.158064516129,0.0369354838709677,0.996962058901565,23.3046968131606,19.267266394618,19.3964070719491,0.129140677331093,-0.15684247149297,0.0339132178470662,0.0459835382933145,-0.0119613178314601,0.325422400434628,-0.31995745258223,-0.232096837070818,-0.0715218238155482,0.182407222834474,-0.0715218238155482,0.182407222834474,0.0339132178470662,-0.17917670865801,0,69,1
"207",201518,"Ramlösa",3,81,935.15,18,12.7518518518518,11.5450617283951,1.20679012345679,54,180,1,1,0.094636460451157,0.905363539548843,21.2853529470496,20.1431709447549,20.0921018546354,0.0510690901194686,53,664.58,18,12.5392452830189,12.7301886792453,0.190943396226415,0.985000741070105,16.9234031819583,15.2764247984704,15.3999208575104,0.12349605904001,0.424157241120317,-0.0826055590697936,0.00170027025889041,-0.0796372015212622,0,0.229321713465205,0.274016018084137,-0.406724251871364,1.44263681466715,-0.406724251871364,1.44263681466715,-0.0826055590697936,-0.425393031952427,1,70,1
"210",201519,"Ramlösa",3,63,748.39,18,11.9793650793651,11.8792063492063,0.10015873015873,0,108,0,1,0.00836093812110773,0.991639061878892,24.5386597938144,20.6508024621427,20.5049589013507,0.145843560792014,81,935.15,18,11.5450617283951,12.7518518518518,1.20679012345679,0.905363539548843,21.2853529470496,20.0921018546354,20.1431709447549,0.0510690901194686,-0.251314428280907,0.0285317165239722,-0.0624909114408592,0.0862755223300492,0,0.142230643558324,0.0203399592312894,-0.255618264216333,1.58031350884975,-0.255618264216333,1.58031350884975,0.0285317165239722,-0.420666658911281,0,71,1
"212",201520,"Ramlösa",3,45,568.8,17,12.7222222222222,12.64,0.0822222222222222,0,51,0,1,0.00646288209606987,0.99353711790393,20.6194578807077,20.686762334294,20.5754377867361,0.111324547557873,63,748.39,18,11.8792063492063,11.9793650793651,0.10015873015873,0.991639061878892,24.5386597938144,20.5049589013507,20.6508024621427,0.145843560792014,-0.336472236621213,0.0620768826381695,0.0601646527587856,0.0018980560250379,-0.0571584138399484,-0.174014637364527,0.00343126942370109,0.00549701951431679,1.64061580058192,0.00549701951431679,1.64061580058192,0.0620768826381695,-0.385675282780698,1,72,1
"215",201521,"Ramlösa",3,63,597.47,20,9.58095238095238,9.48365079365079,0.0973015873015873,40,100,1,1,0.0101557322730285,0.989844267726972,25.6345002753059,17.4742077897377,17.4155937689715,0.0586140207662636,45,568.8,17,12.64,12.7222222222222,0.0822222222222222,0.99353711790393,20.6194578807077,20.5754377867361,20.686762334294,0.111324547557873,0.336472236621213,-0.287297041770124,-0.283573245155914,-0.00369285017695864,0.162518929497775,0.217703923903644,-0.166732025444611,-1.13976081019282,0.723621325174215,-1.13976081019282,0.723621325174215,-0.287297041770124,-0.455450619745888,1,73,1
"217",201522,"Ramlösa",3,59,775.7,15,13.2050847457627,13.1474576271186,0.0576271186440678,0,45,0,1,0.00436400975484533,0.995635990245155,25.3781155775586,12.482391751774,11.8632254616698,0.619166290104146,63,597.47,20,9.48365079365079,9.58095238095238,0.0973015873015873,0.989844267726972,25.6345002753059,17.4155937689715,17.4742077897377,0.0586140207662636,-0.0655972824858129,0.326659056642519,0.320824962928932,0.00579172251818316,-0.287682072451781,-0.0100518999949797,-0.383922680548049,0.143411865809806,-0.93288917320597,0.143411865809806,-0.93288917320597,0.326659056642519,0.108253203953529,0,74,1
"221",201523,"Ramlösa",3,87,966.55,20,12.164367816092,11.1097701149425,1.05459770114943,0,320,0,1,0.08669564395729,0.91330435604271,26.856367018578,14.957206727441,14.7550683450392,0.202138382401822,59,775.7,15,13.1474576271186,13.2050847457627,0.0576271186440678,0.995635990245155,25.3781155775586,11.8632254616698,12.482391751774,0.619166290104146,0.388370674748864,-0.16840349187799,-0.0820909559859984,-0.0823316342024447,0.287682072451781,0.0566157145446886,0.218143322426235,-0.542144016429635,0,-0.542144016429635,0,-0.16840349187799,-0.247053971208628,1,75,1
"225",201524,"Ramlösa",3,59,726.9,18,12.3745762711864,12.3203389830509,0.0542372881355932,0,90,0,1,0.00438296123818655,0.995617038761813,33.9787821216241,17.0351283314665,16.7942467956672,0.240881535799298,87,966.55,20,11.1097701149425,12.164367816092,1.05459770114943,0.91330435604271,26.856367018578,14.7550683450392,14.957206727441,0.202138382401822,-0.388370674748864,0.103426560871753,0.0171330597112256,0.0823126827191034,-0.105360515657826,0.235233348815041,0.129449734744075,-0.148967919030165,0.535787730055642,-0.148967919030165,0.535787730055642,0.103426560871753,-0.266395264226473,0,76,1
"226",201525,"Ramlösa",3,73,822.18,20,12.0780821917808,11.2627397260274,0.815342465753425,60,260,1,1,0.0675059544062606,0.932494045593739,27.7953608077342,16.0148236223912,15.7302808128564,0.284542809534808,59,726.9,18,12.3203389830509,12.3745762711864,0.0542372881355932,0.995617038761813,33.9787821216241,16.7942467956672,17.0351283314665,0.240881535799298,0.212921997242671,-0.0897515645470972,-0.0242516462117304,-0.063122993168074,0.105360515657826,-0.200867145214913,-0.0654488061522369,-0.491875983048047,0.238615804628421,-0.491875983048047,0.238615804628421,-0.0897515645470972,-0.284008984962153,1,77,1
"229",201526,"Ramlösa",3,44,623.16,16,14.4681818181818,14.1627272727273,0.305454545454545,0,128,0,1,0.0211121583411876,0.978887841658812,30.8242228627647,16.9547106669859,16.2206818724564,0.734028794529519,73,822.18,20,11.2627397260274,12.0780821917808,0.815342465753425,0.932494045593739,27.7953608077342,15.7302808128564,16.0148236223912,0.284542809534808,-0.50626980723013,0.229113765688193,0.180559459985141,0.0463937960650731,-0.22314355131421,0.103431708116497,0.0306995178282059,0.341860150088413,0.359396830291548,0.341860150088413,0.359396830291548,0.229113765688193,-0.12687226196228,0,78,1
"233",201527,"Ramlösa",3,62,842.17,19,13.658064516129,13.5833870967742,0.0746774193548387,0,76,0,1,0.00546764289088333,0.994532357109117,30.8715643810803,21.5746138585425,21.4313350094858,0.143278849056702,44,623.16,16,14.1627272727273,14.4681818181818,0.305454545454545,0.978887841658812,30.8242228627647,16.2206818724564,16.9547106669859,0.734028794529519,0.342944751126831,-0.0417661646703116,-0.057621726714113,0.0156445154503042,0.171850256926659,0.00153467618202674,0.278567017038707,0.232963854271372,1.90317630536715,0.232963854271372,1.90317630536715,-0.0417661646703116,-0.366190342749904,0,79,1
"237",201528,"Ramlösa",3,37,508.18,16,13.7648648648649,13.7345945945946,0.0302702702702703,0,48,0,1,0.00219909679952877,0.997800903200471,28.9768044598031,20.8374893106665,20.5252094451076,0.312279865558905,62,842.17,19,13.5833870967742,13.658064516129,0.0746774193548387,0.994532357109117,30.8715643810803,21.4313350094858,21.5746138585425,0.143278849056702,-0.516216472400867,0.0110702938269633,0.00778916703071619,0.00326854609135452,-0.171850256926659,-0.0633398499247622,-0.0432002441581707,0.249942806252822,1.59977222403837,0.249942806252822,1.59977222403837,0.0110702938269633,-0.330842658082187,0,80,1
"239",201529,"Ramlösa",3,81,866.19,21,11.8506172839506,10.6937037037037,1.15691358024691,0,210,0,1,0.0976247525783936,0.902375247421606,26.8395640352358,18.9550324546894,18.8280738823664,0.12695857232307,37,508.18,16,13.7345945945946,13.7648648648649,0.0302702702702703,0.997800903200471,28.9768044598031,20.5252094451076,20.8374893106665,0.312279865558905,0.783531242028215,-0.250262673519074,-0.149739363549282,-0.0954256557788647,0.271933715483642,-0.0766185948520897,-0.0863048120766239,-0.737980472204168,1.15034938037601,-0.737980472204168,1.15034938037601,-0.250262673519074,-0.432034111905679,0,81,1
"241",201530,"Ramlösa",3,42,455.74,15,10.9952380952381,10.8509523809524,0.144285714285714,0,75,0,1,0.0131225638804677,0.986877436119532,24.1851512723666,16.9492674253118,16.8240852354378,0.125182189874018,81,866.19,21,10.6937037037037,11.8506172839506,1.15691358024691,0.902375247421606,26.8395640352358,18.8280738823664,18.9550324546894,0.12695857232307,-0.656779536389071,0.0145977238170478,-0.0749176790600261,0.0845021886979258,-0.336472236621213,-0.104138207816478,-0.112537542911984,-0.667604687259214,0.554922942702654,-0.667604687259214,0.554922942702654,0.0145977238170478,-0.355034628682443,0,82,1
"244",201531,"Ramlösa",3,43,546.79,14,12.8767441860465,12.7160465116279,0.160697674418605,0,56,0,1,0.0124796821383421,0.987520317861658,25.3205652802809,13.7763563915892,13.5626995451888,0.213656846400428,42,455.74,15,10.8509523809524,10.9952380952381,0.144285714285714,0.986877436119532,24.1851512723666,16.8240852354378,16.9492674253118,0.125182189874018,0.023530497410194,0.158611847586024,0.157960629498333,0.000642881742125678,-0.0689928714869517,0.0458780614157348,-0.215488160486207,0.038488443242923,-0.324427985615907,0.038488443242923,-0.324427985615907,0.158611847586024,-0.0624251116630528,0,83,1
"249",201532,"Ramlösa",3,35,472,15,13.5,13.4857142857143,0.0142857142857143,0,15,0,1,0.00105820105820106,0.998941798941799,27.8783637595647,19.2578114392687,19.1596154541064,0.098195985162374,43,546.79,14,12.7160465116279,12.8767441860465,0.160697674418605,0.987520317861658,25.3205652802809,13.5626995451888,13.7763563915892,0.213656846400428,-0.205852054204149,0.0587662233295259,0.0472667773090238,0.011421481080141,0.0689928714869517,0.0962339730164521,0.345481357894582,0.227319336112519,1.28908533566586,0.227319336112519,1.28908533566586,0.0587662233295259,-0.296138572404178,0,84,1
"252",201533,"Ramlösa",3,55,622.4,16,11.4454545454545,11.3163636363636,0.129090909090909,0,64,0,1,0.0112787926926132,0.988721207307387,34.0401294418438,22.2839033336648,22.1300937153196,0.153809618345186,35,472,15,13.4857142857143,13.5,0.0142857142857143,0.998941798941799,27.8783637595647,19.1596154541064,19.2578114392687,0.098195985162374,0.451985123743058,-0.175381136464431,-0.165097017192452,-0.0102205916344121,0.0645385211375711,0.19968921084855,0.144133686721309,-0.473348013943155,2.01542966170684,-0.473348013943155,2.01542966170684,-0.175381136464431,-0.488643664055979,0,85,1
"254",201534,"Ramlösa",3,54,678.7,20,12.7518518518519,12.5685185185185,0.183333333333333,0,60,0,1,0.0143769968051118,0.985623003194888,29.426392160306,16.515811958452,16.2490292041364,0.266782754315639,55,622.4,16,11.3163636363636,11.4454545454545,0.129090909090909,0.988721207307387,34.0401294418438,22.1300937153196,22.2839033336648,0.153809618345186,-0.0183491386681967,0.104945369513727,0.108083836088218,-0.00309820411249861,0.22314355131421,-0.145648142150215,-0.308905223110393,-0.0329879329374028,0.365266770316778,-0.0329879329374028,0.365266770316778,0.104945369513727,-0.22650649705774,0,86,1
"256",201535,"Ramlösa",3,36,464.17,14,12.9555555555556,12.8936111111111,0.0619444444444444,0,28,0,1,0.00478130360205832,0.995218696397942,22.9468648903484,11.5028842271836,11.1878747413509,0.315009485832658,54,678.7,20,12.5685185185185,12.7518518518519,0.183333333333333,0.985623003194888,29.426392160306,16.2490292041364,16.515811958452,0.266782754315639,-0.405465108108165,0.0255367688345411,0.0158481922400235,0.00959569320305353,-0.356674943938732,-0.248710643097033,-0.373202586233666,0.0660118123758406,-1.32790187175583,0.0660118123758406,-1.32790187175583,0.0255367688345411,0.15246294843253,0,87,1
"260",201536,"Ramlösa",3,48,577.9,16,12.4625,12.0395833333333,0.422916666666667,0,80,0,1,0.0339351387495821,0.966064861250418,22.6375528475504,18.4701436147096,17.8066484793219,0.663495135387699,36,464.17,14,12.8936111111111,12.9555555555556,0.0619444444444444,0.995218696397942,22.9468648903484,11.1878747413509,11.5028842271836,0.315009485832658,0.287682072451781,-0.068532093564138,-0.0388005612922155,-0.0291538351475238,0.133531392624523,-0.0135711633697042,0.464741318161199,-0.204811632505135,0.843188897030097,-0.204811632505135,0.843188897030097,-0.068532093564138,-0.323871454680853,0,88,1
"264",201537,"Ramlösa",3,71,681.23,17,10.9985915492958,9.59478873239437,1.40380281690141,0,238,0,1,0.127634780381611,0.872365219618389,22.6143116297313,18.7341989990591,18.508413495076,0.225785503983159,48,577.9,16,12.0395833333333,12.4625,0.422916666666667,0.966064861250418,22.6375528475504,17.8066484793219,18.4701436147096,0.663495135387699,0.391478866133424,-0.226979721708817,-0.124956911660643,-0.0936996416320288,0.060624621816435,-0.00102719391260653,0.0386535145844364,-1.012281435109,1.0402029655509,-1.012281435109,1.0402029655509,-0.226979721708817,-0.481598531665235,0,89,1
"266",201538,"Ramlösa",3,21,249.5,13,12.0904761904762,11.8809523809524,0.20952380952381,0,39,0,1,0.0173296573454116,0.982670342654588,24.4546817415204,17.2532927180957,16.9939011161428,0.259391601952833,71,681.23,17,9.59478873239437,10.9985915492958,1.40380281690141,0.872365219618389,22.6143116297313,18.508413495076,18.7341989990591,0.225785503983159,-1.21815743931789,0.213716366761126,0.0946508273598954,0.110305123036199,-0.268263986594679,0.078238716053519,-0.0853708904059554,-0.249942806252822,0.620258337710914,-0.249942806252822,0.620258337710914,0.213716366761126,-0.300869629653992,0,90,1
"268",201539,"Ramlösa",3,23,253.3,15,11.0304347826087,11.0130434782609,0.0173913043478261,0,15,0,1,0.00157666535277887,0.998423334647221,28.0243223937282,15.3435851488796,14.1706616461869,1.17292350269271,21,249.5,13,11.8809523809524,12.0904761904762,0.20952380952381,0.982670342654588,24.4546817415204,16.9939011161428,17.2532927180957,0.259391601952833,0.0909717782057267,-0.0758561363896701,-0.0917598003111224,0.0157529919926327,0.143100843640673,0.136251110168726,-0.18168077575075,-0.58075808400855,-0.176820835190442,-0.58075808400855,-0.176820835190442,-0.0758561363896701,-0.222827857072976,0,91,1
"271",201540,"Ramlösa",3,48,638.32,20,13.4,13.2983333333333,0.101666666666667,0,100,0,1,0.00758706467661692,0.992412935323383,20.4005783063715,15.7870647982234,15.4975461599155,0.289518638307916,23,253.3,15,11.0130434782609,11.0304347826087,0.0173913043478261,0.998423334647221,28.0243223937282,14.1706616461869,15.3435851488796,1.17292350269271,0.735706794978741,0.188558373013655,0.194596456280779,-0.00601039932383807,0.287682072451781,-0.317509541230083,0.0895079530664638,0.176820835190442,0.204811632505135,0.176820835190442,0.204811632505135,0.188558373013655,-0.141907164133536,0,92,1
"274",201541,"Ramlösa",3,22,274.5,12,12.5363636363636,12.4772727272727,0.0590909090909091,0,24,0,1,0.004713560551124,0.995286439448876,19.1910941539697,19.4014268429005,19.3021305109855,0.0992963319150626,48,638.32,20,13.2983333333333,13.4,0.101666666666667,0.992412935323383,20.4005783063715,15.4975461599155,15.7870647982234,0.289518638307916,-0.780158557549575,-0.0637299065008654,-0.0666211949559803,0.00287350412549292,-0.51082562376599,-0.0611169235234832,0.219533779859658,-0.0991078598228991,1.32790187175583,-0.0991078598228991,1.32790187175583,-0.0637299065008654,-0.353580542822902,0,93,1
"277",201542,"Ramlösa",3,71,740.34,21,11.9281690140845,10.427323943662,1.50084507042253,21,294,1,1,0.125823591923486,0.874176408076514,24.4406025613765,16.7230797482339,16.4262959565065,0.296783791727445,22,274.5,12,12.4772727272727,12.5363636363636,0.0590909090909091,0.995286439448876,19.1910941539697,19.3021305109855,19.4014268429005,0.0992963319150626,1.171637423683,-0.179479144494088,-0.0497307651146475,-0.121110031372362,0.559615787935423,0.241799463443856,-0.161332016268937,-0.767166620585757,0.412702543078983,-0.767166620585757,0.412702543078983,-0.179479144494088,-0.365205401675981,0,94,1
"282",201543,"Ramlösa",3,24,263.6,12,11.025,10.9833333333333,0.0416666666666667,0,24,0,1,0.00377928949357521,0.996220710506425,23.6663166857662,20.2629243099233,19.8344683393803,0.428455970543071,71,740.34,21,10.427323943662,11.9281690140845,1.50084507042253,0.874176408076514,24.4406025613765,16.4262959565065,16.7230797482339,0.296783791727445,-1.08462604669337,0.0519493091832244,-0.0787373255533281,0.12204430242991,-0.559615787935423,-0.0321929883817869,0.188537786722006,-0.59382139299352,1.42724679017413,-0.59382139299352,1.42724679017413,0.0519493091832244,-0.446250176944419,0,95,1
"284",201544,"Ramlösa",3,27,315.11,13,11.862962962963,11.6707407407407,0.192222222222222,0,65,0,1,0.0162035591632844,0.983796440836716,28.6577879995809,17.6854047163085,17.3627990577402,0.322605658568312,24,263.6,12,10.9833333333333,11.025,0.0416666666666667,0.996220710506425,23.6663166857662,19.8344683393803,20.2629243099233,0.428455970543071,0.117783035656383,0.0607059459317578,0.0732557692778739,-0.0124242696697092,0.0800427076735364,0.191372438328616,-0.133091317161694,-0.35353924775488,0.709409852507664,-0.35353924775488,0.709409852507664,0.0607059459317578,-0.32783068548282,1,96,1
"286",201545,"Ramlösa",3,36,411.9,13,11.4555555555556,11.4416666666667,0.0138888888888889,0,13,0,1,0.00121241513094083,0.998787584869059,25.5609528419306,14.2467152010853,14.0611194196943,0.185595781390969,27,315.11,13,11.6707407407407,11.862962962963,0.192222222222222,0.983796440836716,28.6577879995809,17.3627990577402,17.6854047163085,0.322605658568312,0.287682072451781,-0.019823255226239,-0.0349463769240885,0.0149911440323436,0,-0.114359331216825,-0.210916431734329,-0.442821657596511,-0.216051802497258,-0.442821657596511,-0.216051802497258,-0.019823255226239,-0.18629048476459,0,97,1
"289",201546,"Ramlösa",3,65,726.42,19,12.4076923076923,11.1756923076923,1.232,19,247,1,1,0.0992932424054557,0.900706757594544,23.4081969246937,15.2336625466352,15.0025712775179,0.231091269117279,36,411.9,13,11.4416666666667,11.4555555555556,0.0138888888888889,0.998787584869059,25.5609528419306,14.0611194196943,14.2467152010853,0.185595781390969,0.590868331439527,-0.0235205729338581,0.0798418139829313,-0.0980808272745148,0.379489621704904,-0.0879796504988426,0.0648081043672497,-0.52313948044369,0.0935852883805211,-0.52313948044369,0.0935852883805211,-0.0235205729338581,-0.255081538959949,0,98,1
"293",201547,"Ramlösa",3,40,553.71,16,13.95,13.84275,0.10725,0,32,0,1,0.00768817204301075,0.992311827956989,26.5770903161518,18.5583633550977,18.2033370065091,0.355026348588547,65,726.42,19,11.1756923076923,12.4076923076923,1.232,0.900706757594544,23.4081969246937,15.0025712775179,15.2336625466352,0.231091269117279,-0.485507815781701,0.214020539821306,0.117162880597748,0.0916050703624449,-0.171850256926659,0.126963321423207,0.19338332436889,0.278404644779795,0.967421566101701,0.278404644779795,0.967421566101701,0.214020539821306,-0.239548770917655,0,99,1
"296",201548,"Ramlösa",3,30,356.34,16,12.0666666666667,11.878,0.188666666666667,0,48,0,1,0.0156353591160221,0.984364640883978,21.1279622217743,22.0144326980884,21.7847696264895,0.229663071598932,40,553.71,16,13.84275,13.95,0.10725,0.992311827956989,26.5770903161518,18.2033370065091,18.5583633550977,0.355026348588547,-0.287682072451781,-0.153073680279705,-0.145032678103759,-0.00794718707301134,0,-0.229452191445866,0.17960615536316,-0.26130196788494,1.97519860622955,-0.26130196788494,1.97519860622955,-0.153073680279705,-0.45475668535155,0,100,1
"298",201549,"Ramlösa",3,22,277.07,10,12.7181818181818,12.5940909090909,0.124090909090909,0,30,0,1,0.00975696926375983,0.99024303073624,19.8651570664905,14.8947652845349,14.7632659577485,0.131499326786394,30,356.34,16,11.878,12.0666666666667,0.188666666666667,0.984364640883978,21.1279622217743,21.7847696264895,22.0144326980884,0.229663071598932,-0.310154928303839,0.0585397788913991,0.052585778709449,0.0058783898522623,-0.470003629245735,-0.061630090998765,-0.389069019099266,-0.0109942051395756,0.00549701951431679,-0.0109942051395756,0.00549701951431679,0.0585397788913991,-0.146930567725709,0,101,1
"301",201550,"Ramlösa",3,80,812.32,14,11.725,10.154,1.571,0,182,0,1,0.133987206823028,0.866012793176972,17.6526797062562,16.7128146849171,16.4427517135256,0.270062971391573,22,277.07,10,12.5940909090909,12.7181818181818,0.124090909090909,0.99024303073624,19.8651570664905,14.7632659577485,14.8947652845349,0.131499326786394,1.29098418131557,-0.215360011959865,-0.0813092945407217,-0.124230237559268,0.336472236621213,-0.118079699357854,0.107742689244211,-0.797021411019349,0.418695620883645,-0.797021411019349,0.418695620883645,-0.215360011959865,-0.382463460076,0,102,1
"304",201551,"Ramlösa",3,45,529.49,13,12.0555555555556,11.7664444444444,0.289111111111111,0,117,0,1,0.0239815668202765,0.976018433179723,20.0217045541364,18.9527068879434,18.1828001641013,0.769906723842098,80,812.32,14,10.154,11.725,1.571,0.866012793176972,17.6526797062562,16.4427517135256,16.7128146849171,0.270062971391573,-0.575364144903562,0.147384072826336,0.0278022813119514,0.110005640002751,-0.0741079721537217,0.125929316254742,0.100591346526878,-0.301336520859576,0.958681346744727,-0.301336520859576,0.958681346744727,0.147384072826336,-0.352880505848863,0,103,1
"307",201552,"Ramlösa",3,45,621.33,17,13.9888888888889,13.8073333333333,0.181555555555556,0,85,0,1,0.0129785544082605,0.987021445591739,25.1220847534956,17.8590838499593,17.4296641147581,0.429419735201238,45,529.49,13,11.7664444444444,12.0555555555556,0.289111111111111,0.976018433179723,20.0217045541364,18.1828001641013,18.9527068879434,0.769906723842098,0,0.159948062634311,0.148737768069787,0.011003012412016,0.268263986594679,0.226930417108749,-0.0423025124950471,0.26130196788494,0.737980472204168,0.26130196788494,0.737980472204168,0.159948062634311,-0.2078256217432,1,104,1
"312",201553,"Ramlösa",3,61,773.23,17,12.8344262295082,12.6759016393443,0.158524590163934,0,153,0,1,0.0123515136032699,0.98764848639673,23.0271496867538,18.2589350426467,17.8830148810115,0.375920161635263,45,621.33,17,13.8073333333333,13.9888888888889,0.181555555555556,0.987021445591739,25.1220847534956,17.4296641147581,17.8590838499593,0.429419735201238,0.304211374402992,-0.0854971697846096,-0.086132253973525,0.000627040804990653,0,-0.0870733889925788,0.0256777842155111,0.0274884205285162,0.883080123650455,0.0274884205285162,0.883080123650455,-0.0854971697846096,-0.291176475349031,1,105,1
"314",201601,"Ramlösa",3,33,382.8,15,11.7484848484849,11.6,0.148484848484848,0,75,0,1,0.0126386381222595,0.98736136187774,22.816684304974,17.6383475973558,17.402629549533,0.235718047822819,61,773.23,17,12.6759016393443,12.8344262295082,0.158524590163934,0.98764848639673,23.0271496867538,17.8830148810115,18.2589350426467,0.375920161635263,-0.614366302706831,-0.088697584088921,-0.0884068265301536,-0.000287124518989601,-0.125163142954006,-0.00918190483214687,-0.0272300546984181,-0.382953306125502,0.716497500177991,-0.382953306125502,0.716497500177991,-0.088697584088921,-0.333434067134337,1,106,1
"317",201602,"Ramlösa",3,41,515.5,17,12.7048780487805,12.5731707317073,0.131707317073171,0,85,0,1,0.0103666730658476,0.989633326934152,23.3792383933229,13.8440463315878,13.5094043181098,0.334642013478038,33,382.8,15,11.6,11.7484848484849,0.148484848484848,0.98736136187774,22.816684304974,17.402629549533,17.6383475973558,0.235718047822819,0.217064505237828,0.0805601386403882,0.0782617348364347,0.00227196505641192,0.125163142954006,0.0243563442665224,-0.253235259262594,-0.0274884205285162,-0.35353924775488,-0.0274884205285162,-0.35353924775488,0.0805601386403882,-0.0693023588869444,0,107,1
"319",201603,"Ramlösa",3,73,806.02,18,12.0643835616438,11.0413698630137,1.02301369863014,0,216,0,1,0.0847961848529579,0.915203815147042,23.5764323086782,15.8417285545382,15.4729336131121,0.368794941426056,41,515.5,17,12.5731707317073,12.7048780487805,0.131707317073171,0.989633326934152,23.3792383933229,13.5094043181098,13.8440463315878,0.334642013478038,0.576887374444083,-0.129916121806549,-0.0517284133838158,-0.0744295117871103,0.0571584138399484,0.00839920170175867,0.135706219923281,-0.561346418336008,0.199201324789267,-0.561346418336008,0.199201324789267,-0.129916121806549,-0.286407468739027,0,108,1
"324",201604,"Ramlösa",3,33,389.4,14,11.8393939393939,11.8,0.0393939393939394,0,42,0,1,0.00332736114665984,0.99667263885334,20.4892591339648,17.127210345303,16.9489036379045,0.178306707398504,73,806.02,18,11.0413698630137,12.0643835616438,1.02301369863014,0.915203815147042,23.5764323086782,15.4729336131121,15.8417285545382,0.368794941426056,-0.793951879681911,0.0664504165254605,-0.0188251640684776,0.081468823706298,-0.251314428280906,-0.14034677792647,0.091110870605418,-0.289851529166503,0.59382139299352,-0.289851529166503,0.59382139299352,0.0664504165254605,-0.303789775899695,0,109,1
"326",201605,"Ramlösa",3,28,434.46,14,15.7928571428571,15.5164285714286,0.276428571428571,0,70,0,1,0.0175033921302578,0.982496607869742,25.6224489795918,12.2575924388894,12.1337982401892,0.123794198700214,33,389.4,14,11.8,11.8393939393939,0.0393939393939394,0.99667263885334,20.4892591339648,16.9489036379045,17.127210345303,0.178306707398504,-0.164303051291276,0.273799838981961,0.288125317653597,-0.0141760309835979,0,0.223568076334273,-0.334208347865316,0.606986834803486,-0.812217801499913,0.606986834803486,-0.812217801499913,0.273799838981961,0.278777532334064,0,110,1
"329",201606,"Ramlösa",3,37,404.05,14,10.9810810810811,10.9202702702703,0.0608108108108108,0,28,0,1,0.0055377799655427,0.994462220034457,21.5890422799565,16.7277001702588,16.5226253280726,0.205074842186208,28,434.46,14,15.5164285714286,15.7928571428571,0.276428571428571,0.982496607869742,25.6224489795918,12.1337982401892,12.2575924388894,0.123794198700214,0.278713402469021,-0.351278650418348,-0.363383867898685,0.011965612164715,0,-0.171282996371879,0.308735871891238,-0.620258337710914,0.46720827028711,-0.620258337710914,0.46720827028711,-0.351278650418348,-0.339071724169867,0,111,1
"332",201607,"Ramlösa",3,27,350.88,15,13.1592592592593,12.9955555555556,0.163703703703704,0,105,0,1,0.0124401913875598,0.98755980861244,18.1221424423209,18.7860661337723,18.3695334228139,0.416532710958442,37,404.05,14,10.9202702702703,10.9810810810811,0.0608108108108108,0.994462220034457,21.5890422799565,16.5226253280726,16.7277001702588,0.205074842186208,-0.315081046639895,0.173986698630016,0.180951746673196,-0.00690241142201709,0.0689928714869517,-0.17505135415849,0.105962826406636,0.0991078598228991,1.02150013776419,0.0991078598228991,1.02150013776419,0.173986698630016,-0.292548413918023,0,112,1
"335",201608,"Ramlösa",3,55,663.85,19,13.0636363636364,12.07,0.993636363636364,38,209,1,1,0.0760612386917189,0.923938761308281,20.1858761490772,16.0561400983396,15.648451522364,0.407688575975676,27,350.88,15,12.9955555555556,13.1592592592593,0.163703703703704,0.98755980861244,18.1221424423209,18.3695334228139,18.7860661337723,0.416532710958442,0.711496319228142,-0.073884383555809,-0.00729311673604371,-0.0636210473041591,0.23638877806423,0.107848629355081,-0.160321532204551,-0.199201324789267,0.216051802497258,-0.199201324789267,0.216051802497258,-0.073884383555809,-0.228677675695248,0,113,1
"337",201609,"Ramlösa",3,40,499.15,16,12.575,12.47875,0.09625,0,64,0,1,0.00765407554671968,0.99234592445328,21.592913803279,17.8968324994674,17.6949471227737,0.201885376693666,55,663.85,19,12.07,13.0636363636364,0.993636363636364,0.923938761308281,20.1858761490772,15.648451522364,16.0561400983396,0.407688575975676,-0.318453731118535,0.033304162559058,-0.0381218043008063,0.0684071631449992,-0.171850256926659,0.0673820368904017,0.122907157701945,-0.0935852883805213,0.812217801499913,-0.0935852883805213,0.812217801499913,0.033304162559058,-0.294784555533392,0,114,1
"342",201610,"Ramlösa",3,18,241.76,10,13.4555555555556,13.4311111111111,0.0244444444444444,0,10,0,1,0.00181668042939719,0.998183319570603,25.4148960768697,14.7535088147241,14.4352180666698,0.318290748054283,40,499.15,16,12.47875,12.575,0.09625,0.99234592445328,21.592913803279,17.6949471227737,17.8968324994674,0.201885376693666,-0.798507696217772,0.0735465429597673,0.0676813572370247,0.00583739511732251,-0.470003629245735,0.162970265641348,-0.203608205733298,0.210428394247925,-0.0991078598228991,0.210428394247925,-0.0991078598228991,0.0735465429597673,-0.069559528018293,0,115,1
"345",201611,"Ramlösa",3,36,481.05,14,13.6222222222222,13.3625,0.259722222222222,0,112,0,1,0.0190660685154976,0.980933931484502,18.8183427192277,18.277922833986,18.1281484768256,0.149774357160429,18,241.76,10,13.4311111111111,13.4555555555556,0.0244444444444444,0.998183319570603,25.4148960768697,14.4352180666698,14.7535088147241,0.318290748054283,0.693147180559945,-0.00512146427710158,0.0123103729430643,-0.0172493880861003,0.336472236621213,-0.300503391115908,0.227794974919696,0.193597280095634,0.93288917320597,0.193597280095634,0.93288917320597,-0.00512146427710158,-0.262886663958972,0,116,1
"347",201612,"Ramlösa",3,56,564.5,15,11.5071428571429,10.0803571428571,1.42678571428571,15,150,1,1,0.1239913097455,0.8760086902545,21.8316210476386,13.7960473690452,13.4891936687734,0.306853700271764,36,481.05,14,13.3625,13.6222222222222,0.259722222222222,0.980933931484502,18.8183427192277,18.1281484768256,18.277922833986,0.149774357160429,0.44183275227904,-0.281863583496596,-0.168734485598222,-0.104925241230002,0.0689928714869517,0.148527354871107,-0.295576998803032,-0.8045963803603,-0.359396830291548,-0.8045963803603,-0.359396830291548,-0.281863583496596,-0.25270869479823,1,117,1
"349",201613,"Ramlösa",3,30,376.5,12,12.6333333333333,12.55,0.0833333333333333,12,36,1,1,0.00659630606860158,0.993403693931398,27.177283177654,21.5969168901728,18.6698636744824,2.92705321569041,56,564.5,15,10.0803571428571,11.5071428571429,1.42678571428571,0.8760086902545,21.8316210476386,13.4891936687734,13.7960473690452,0.306853700271764,-0.624154309072994,0.219131972723225,0.0933708628526011,0.117395003676898,-0.22314355131421,0.219022021456284,0.32502175975987,-0.0549976313126209,1.08863292937689,-0.0549976313126209,1.08863292937689,0.219131972723225,-0.327793699042746,1,118,1
"354",201614,"Ramlösa",3,23,257.8,12,11.2913043478261,11.2086956521739,0.0826086956521739,0,36,0,1,0.00731613400077012,0.99268386599923,26.0994384988242,18.8543302447735,18.6752336203248,0.179096624448643,30,376.5,12,12.55,12.6333333333333,0.0833333333333333,0.993403693931398,27.177283177654,18.6698636744824,21.5969168901728,2.92705321569041,-0.265703165733006,-0.113030791001855,-0.112305920680718,-0.000719827932168515,0,-0.0404676464127398,0.000287585052307193,-0.51057437520889,1.10873652652279,-0.51057437520889,1.10873652652279,-0.113030791001855,-0.399809615234203,0,119,1
"357",201615,"Ramlösa",3,39,438.62,16,11.6179487179487,11.2466666666667,0.371282051282051,0,48,0,1,0.0319576252482896,0.96804237475171,23.1330929355843,16.7332938741069,16.5811936517187,0.152100222388153,23,257.8,12,11.2086956521739,11.2913043478261,0.0826086956521739,0.99268386599923,26.0994384988242,18.6752336203248,18.8543302447735,0.179096624448643,0.528067430200497,0.00338191387377584,0.0285183028038936,-0.0246414912475195,0.287682072451781,-0.120649613685095,-0.118929100145546,-0.498089369950319,0.47950565333095,-0.498089369950319,0.47950565333095,0.00338191387377584,-0.321721529649893,0,120,1
"359",201616,"Ramlösa",3,59,642.8,19,12.1203389830508,10.8949152542373,1.22542372881356,38,266,1,1,0.101104740595721,0.898895259404279,21.0414759491602,20.7495326409146,20.4869490513483,0.262583589566306,39,438.62,16,11.2466666666667,11.6179487179487,0.371282051282051,0.96804237475171,23.1330929355843,16.5811936517187,16.7332938741069,0.152100222388153,0.413975797776073,-0.0317755984920751,0.0423337436051843,-0.0691471153474313,0.171850256926659,-0.0947686518730748,0.211518911181937,-0.633640000779701,1.54309792741113,-0.633640000779701,1.54309792741113,-0.0317755984920751,-0.468202159973631,0,121,1
"362",201617,"Ramlösa",3,32,392.82,15,12.4,12.275625,0.124375,0,60,0,1,0.0100302419354839,0.989969758064516,23.551787175514,17.2931032573928,16.9845246622498,0.30857859514304,59,642.8,19,10.8949152542373,12.1203389830508,1.22542372881356,0.898895259404279,21.0414759491602,20.4869490513483,20.7495326409146,0.262583589566306,-0.611801541105993,0.11931939892369,0.02281152346236,0.0910744986602371,-0.23638877806423,0.112706171055847,-0.187485436283331,-0.160094012667166,0.613609076561029,-0.160094012667166,0.613609076561029,0.11931939892369,-0.277246479126726,1,122,1
"366",201618,"Ramlösa",3,46,664,18,14.4652173913043,14.4347826086957,0.0304347826086957,0,36,0,1,0.00210399759543132,0.997896002404569,23.9381028795578,17.0088202458607,16.7241409052292,0.284679340631446,32,392.82,15,12.275625,12.4,0.124375,0.989969758064516,23.551787175514,16.9845246622498,17.2931032573928,0.30857859514304,0.362905493689369,0.162025164106011,0.154050494484291,0.00792624434005251,0.182321556793954,0.0162697460528132,-0.0154493766940691,0.37704474771741,0.516846727652609,0.37704474771741,0.516846727652609,0.162025164106011,-0.136889440809349,1,123,1
"368",201619,"Ramlösa",3,75,995.78,20,13.68,13.2770666666667,0.402933333333333,120,220,1,1,0.0294541910331384,0.970545808966862,24.0655860125656,16.2991689642201,16.1701213176462,0.129047646573933,46,664,18,14.4347826086957,14.4652173913043,0.0304347826086957,0.997896002404569,23.9381028795578,16.7241409052292,17.0088202458607,0.284679340631446,0.488846717047215,-0.0836025168715482,-0.0558120549008767,-0.0273501934377071,0.105360515657826,0.00531140150483855,-0.0336880625912053,0.171239960320701,0.347693770638922,0.171239960320701,0.347693770638922,-0.0836025168715482,-0.178913602078074,1,124,1
"371",201620,"Ramlösa",3,42,614.01,18,14.7809523809524,14.6192857142857,0.161666666666667,0,90,0,1,0.0109375,0.9890625,19.4349371870873,16.5480036846973,14.8034443281631,1.74455935653427,75,995.78,20,13.2770666666667,13.68,0.402933333333333,0.970545808966862,24.0655860125656,16.1701213176462,16.2991689642201,0.129047646573933,-0.579818495252942,0.0963033602603085,0.0774044383912358,0.0185166910331384,-0.105360515657826,-0.213710521346756,-0.0883052976285175,0.424703774945334,0.0439901182953111,0.424703774945334,0.0439901182953111,0.0963033602603085,-0.0124402544296403,0,125,1
"374",201621,"Ramlösa",3,52,651.45,19,12.7076923076923,12.5278846153846,0.179807692307692,0,95,0,1,0.0141495157384988,0.985850484261501,27.6229520573801,13.5119204371571,12.9869518619494,0.524968575207698,42,614.01,18,14.6192857142857,14.7809523809524,0.161666666666667,0.9890625,19.4349371870873,14.8034443281631,16.5480036846973,1.74455935653427,0.213574100298059,-0.154384667308586,-0.1511318469603,-0.00321201573849872,0.0540672212702757,0.351574691069593,-0.130914728082239,-0.0770340075465876,-0.498089369950319,-0.0770340075465876,-0.498089369950319,-0.154384667308586,-0.0353483443570628,0,126,1
"377",201622,"Ramlösa",3,58,671.7,22,11.6465517241379,11.5810344827586,0.0655172413793104,0,132,0,1,0.00562546262028127,0.994374537379719,29.2526850627892,17.1959310204575,17.046296761949,0.149634258508488,52,651.45,19,12.5278846153846,12.7076923076923,0.179807692307692,0.985850484261501,27.6229520573801,12.9869518619494,13.5119204371571,0.524968575207698,0.109199291964992,-0.0785881273411135,-0.0871973567715068,0.00852405311821747,0.146603474191876,0.0573243430628261,0.271987830938322,-0.388875264282968,0.633640000779701,-0.388875264282968,0.633640000779701,-0.0785881273411135,-0.320612878885815,0,127,1
"380",201623,"Ramlösa",3,85,1057.08,18,13.1823529411765,12.4362352941176,0.746117647058824,0,180,0,1,0.0565997322623829,0.943400267737617,24.9932583858545,18.2094205748819,17.9257011614115,0.283719413470422,58,671.7,22,11.5810344827586,11.6465517241379,0.0655172413793104,0.994374537379719,29.2526850627892,17.046296761949,17.1959310204575,0.149634258508488,0.382208245943898,0.0712456106929884,0.123868889896831,-0.0509742696421016,-0.200670695462152,-0.157365242546856,0.0503025206915901,-0.110162247968405,0.891227717341594,-0.110162247968405,0.891227717341594,0.0712456106929884,-0.306234373643971,1,128,1
"383",201624,"Ramlösa",3,54,648.97,21,12.2148148148148,12.017962962963,0.196851851851852,0,252,0,1,0.0161158277744087,0.983884172225591,25.3853312448171,17.153723839576,16.7361390218248,0.417584817751142,85,1057.08,18,12.4362352941176,13.1823529411765,0.746117647058824,0.943400267737617,24.9932583858545,17.9257011614115,18.2094205748819,0.283719413470422,-0.453667209926042,-0.0342119683094584,-0.076229492629496,0.0404839044879741,0.154150679827258,0.0155653732184082,-0.0686651075159874,-0.216051802497258,0.52313948044369,-0.216051802497258,0.52313948044369,-0.0342119683094584,-0.281915443741779,0,129,1
"386",201625,"Ramlösa",3,90,943.83,13,11.7555555555556,10.487,1.26855555555556,0,143,0,1,0.107911153119093,0.892088846880907,25.6135687550217,21.0655863288028,20.7490197916012,0.316566537201573,54,648.97,21,12.017962962963,12.2148148148148,0.196851851851852,0.983884172225591,25.3853312448171,16.7361390218248,17.153723839576,0.417584817751142,0.51082562376599,-0.136266049257662,-0.0383236020331896,-0.0917953253446838,-0.479573080261886,0.00895074340777047,0.214928612000527,-0.759809571009918,1.73166439612225,-0.759809571009918,1.73166439612225,-0.136266049257662,-0.494578534054657,1,130,1
"388",201626,"Ramlösa",3,34,507.1,15,15.1058823529412,14.9147058823529,0.191176470588235,0,45,0,1,0.0126557632398754,0.987344236760125,27.0053653626262,21.8059984292166,19.1065489239512,2.69944950526541,90,943.83,13,10.487,11.7555555555556,1.26855555555556,0.892088846880907,25.6135687550217,20.7490197916012,21.0655863288028,0.316566537201573,-0.973449145714103,0.352211303332544,0.25075828567161,0.0952553898792172,0.143100843640673,0.0529133228344656,-0.0824678547182165,0.461086088525335,1.25211952026522,0.461086088525335,1.25211952026522,0.352211303332544,-0.21939299756763,0,131,1
"392",201627,"Ramlösa",3,61,740,19,12.2606557377049,12.1311475409836,0.129508196721311,0,95,0,1,0.010562909479877,0.989437090520123,23.2772159992422,15.483278586806,15.3250389139269,0.158239672879122,34,507.1,15,14.9147058823529,15.1058823529412,0.191176470588235,0.987344236760125,27.0053653626262,19.1065489239512,21.8059984292166,2.69944950526541,0.58451333955715,-0.206571376159908,-0.208688812735279,0.00209285375999835,0.23638877806423,-0.148560535346354,-0.220543130819844,-0.18799930884492,0.18799930884492,-0.18799930884492,0.18799930884492,-0.206571376159908,-0.208410000841223,0,132,1
"394",201628,"Ramlösa",3,91,1253.31,22,15.6032967032967,13.7726373626374,1.83065934065934,0,396,0,1,0.117325163743926,0.882674836256074,24.3986304212492,16.6728393480545,16.4464305040185,0.226408844035958,61,740,19,12.1311475409836,12.2606557377049,0.129508196721311,0.989437090520123,23.2772159992422,15.3250389139269,15.483278586806,0.158239672879122,0.399985642343538,0.1269075019795,0.241086804039151,-0.106762254264049,0.146603474191876,0.0470519723964777,0.0706204419644596,0.255618264216333,0.424703774945334,0.255618264216333,0.424703774945334,0.1269075019795,-0.162575893944149,0,133,1
"397",201629,"Ramlösa",3,44,567.02,16,12.9454545454545,12.8868181818182,0.0586363636363636,0,32,0,1,0.00452949438202247,0.995470505617978,30.9072331076297,15.1713025348833,14.9347483608127,0.236554174070664,91,1253.31,22,13.7726373626374,15.6032967032967,1.83065934065934,0.882674836256074,24.3986304212492,16.4464305040185,16.6728393480545,0.226408844035958,-0.726669872598589,-0.0664788814483974,-0.186737492883958,0.112795669361903,-0.318453731118535,0.236463237216922,-0.0964178604601771,0.0605038043562068,0.0715218238155483,0.0605038043562068,0.0715218238155483,-0.0664788814483974,-0.137125188153023,0,134,1
"402",201630,"Ramlösa",3,41,515.03,14,12.5829268292683,12.5617073170732,0.0212195121951219,0,28,0,1,0.00168637332816437,0.998313626671836,26.1223843034907,17.0273180257626,16.8213665880033,0.205951437759239,44,567.02,16,12.8868181818182,12.9454545454545,0.0586363636363636,0.995470505617978,30.9072331076297,14.9347483608127,15.1713025348833,0.236554174070664,-0.0706175672139531,-0.025551857866001,-0.0284038446332082,0.00284312105385809,-0.133531392624523,-0.16819765474607,0.11895929647666,-0.038488443242923,0.548522282698098,-0.038488443242923,0.548522282698098,-0.025551857866001,-0.253229085083258,0,135,1
"405",201631,"Ramlösa",3,87,1019.07,20,12.6011494252874,11.7134482758621,0.887701149425287,0,280,0,1,0.0704460457903858,0.929553954209614,27.4488046650955,12.6831113424727,12.525570121093,0.157541221379773,41,515.03,14,12.5617073170732,12.5829268292683,0.0212195121951219,0.998313626671836,26.1223843034907,16.8213665880033,17.0273180257626,0.205951437759239,0.752336051950276,-0.069915477682422,0.00144715247961402,-0.0687596724622215,0.356674943938732,0.0495300381912531,-0.294877734459692,-0.318639363964375,-0.620258337710914,-0.318639363964375,-0.620258337710914,-0.069915477682422,-0.064837116185497,0,136,1
"406",201632,"Ramlösa",3,31,285.88,14,9.99677419354839,9.22193548387097,0.774838709677419,0,84,0,1,0.0775088738302678,0.922491126169732,21.3400628721057,15.1777912872437,14.7843420488727,0.393449238371016,87,1019.07,20,11.7134482758621,12.6011494252874,0.887701149425287,0.929553954209614,27.4488046650955,12.525570121093,12.6831113424727,0.157541221379773,-1.03192091416944,-0.239152669140952,-0.231525573717354,-0.00706282803988201,-0.356674943938732,-0.251736429030698,0.16579648646923,-1.45837632705904,0.0164917230218579,-1.45837632705904,0.0164917230218579,-0.239152669140952,-0.376236328043145,0,137,1
"409",201633,"Ramlösa",3,53,793.26,21,15.1075471698113,14.9671698113208,0.140377358490566,0,105,0,1,0.00929186961408768,0.990708130385912,23.0099955356366,16.7063173904083,16.6414722272588,0.064845163149553,31,285.88,14,9.22193548387097,9.99677419354839,0.774838709677419,0.922491126169732,21.3400628721057,14.7843420488727,15.1777912872437,0.393449238371016,0.536304709066976,0.484274185331306,0.41293197121791,0.0682170042161802,0.405465108108165,0.0753425179503271,0.11832925562085,0.473348013943155,0.504322046077778,0.473348013943155,0.504322046077778,0.484274185331306,-0.100610234063035,0,138,1
"413",201634,"Ramlösa",3,37,582.83,15,15.9540540540541,15.7521621621622,0.201891891891892,0,75,0,1,0.0126545824157208,0.987345417584279,24.5662028396608,18.4468481025617,18.2595545493541,0.187293553207623,53,793.26,21,14.9671698113208,15.1075471698113,0.140377358490566,0.990708130385912,23.0099955356366,16.6414722272588,16.7063173904083,0.064845163149553,-0.359374000907898,0.051118512788928,0.0545185380759534,-0.00336271280163314,-0.336472236621213,0.0654429199806352,0.0927905733065497,0.647136105296037,0.985127588334746,0.647136105296037,0.985127588334746,0.051118512788928,-0.137319471864148,0,139,1
"416",201635,"Ramlösa",3,62,676.15,17,11.8516129032258,10.9056451612903,0.945967741935484,51,153,1,1,0.079817637452368,0.920182362547632,23.0819267505688,18.3876890594033,18.1631411939951,0.22454786540818,37,582.83,15,15.7521621621622,15.9540540540541,0.201891891891892,0.987345417584279,24.5662028396608,18.2595545493541,18.4468481025617,0.187293553207623,0.516216472400867,-0.367697076112589,-0.29724900130654,-0.0671630550366472,0.125163142954006,-0.0623217104601728,-0.00529414852913446,-0.62693513605575,0.950013755669322,-0.62693513605575,0.950013755669322,-0.367697076112589,-0.39957273663127,0,140,1
"419",201636,"Ramlösa",3,41,692.7,16,16.9487804878049,16.8951219512195,0.0536585365853659,0,48,0,1,0.00316592315441071,0.996834076845589,25.1720900813928,13.4628099104315,13.1315641428594,0.331245767572029,62,676.15,17,10.9056451612903,11.8516129032258,0.945967741935484,0.920182362547632,23.0819267505688,18.1631411939951,18.3876890594033,0.22454786540818,-0.413562318340784,0.437744378449974,0.357731915320094,0.0766517142979574,-0.060624621816435,0.0866859247436715,-0.324375522825598,0.789491901222326,-0.46720827028711,0.789491901222326,-0.46720827028711,0.437744378449974,0.28660392375318,0,141,1
"421",201637,"Ramlösa",3,55,830.34,19,15.1727272727273,15.0970909090909,0.0756363636363636,0,76,0,1,0.0049850209706411,0.995014979029359,25.8633619651079,14.3550423932126,14.1860976508209,0.168944742391725,41,692.7,16,16.8951219512195,16.9487804878049,0.0536585365853659,0.996834076845589,25.1720900813928,13.1315641428594,13.4628099104315,0.331245767572029,0.293761118528163,-0.112522868090829,-0.110696325746555,-0.00181909781623046,0.171850256926659,0.0270915269853051,0.0772436377342092,0.498089369950319,-0.160094012667166,0.498089369950319,-0.160094012667166,-0.112522868090829,0.0642173260535329,0,142,1
"424",201638,"Ramlösa",3,33,353.5,16,10.930303030303,10.7121212121212,0.218181818181818,0,64,0,1,0.0199611865816468,0.980038813418353,23.3992531302629,16.6433619848865,16.4840045938565,0.15935739102994,55,830.34,19,15.0970909090909,15.1727272727273,0.0756363636363636,0.995014979029359,25.8633619651079,14.1860976508209,14.3550423932126,0.168944742391725,-0.510825623765991,-0.343126146363275,-0.327960531426405,-0.0149761656110057,-0.171850256926659,-0.100123266934148,0.150128045801092,-0.716497500177991,0.454981140306428,-0.716497500177991,0.454981140306428,-0.343126146363275,-0.350150556490773,0,143,1
"427",201639,"Ramlösa",3,33,478.31,17,14.7787878787879,14.4942424242424,0.284545454545455,0,85,0,1,0.0192536395324995,0.980746360467501,24.6130391395942,15.3675656039965,15.1821245535259,0.185441050470553,33,353.5,16,10.7121212121212,10.930303030303,0.218181818181818,0.980038813418353,23.3992531302629,16.4840045938565,16.6433619848865,0.15935739102994,0,0.302375572511373,0.301653874806513,0.000707547049147328,0.060624621816435,0.0505722444942025,-0.0822717725751874,0.388875264282968,0.137860236184257,0.388875264282968,0.137860236184257,0.302375572511373,-0.0453086869929368,0,144,1
"431",201640,"Ramlösa",3,32,384.1,12,12.15,12.003125,0.146875,0,48,0,1,0.0120884773662551,0.987911522633745,23.0536914961935,16.9530836233376,16.6052493003133,0.347834323024318,33,478.31,17,14.4942424242424,14.7787878787879,0.284545454545455,0.980746360467501,24.6130391395942,15.1821245535259,15.3675656039965,0.185441050470553,-0.0307716586667537,-0.188584463829387,-0.195863731462969,0.0071651621662443,-0.348306694268216,-0.0654504405399261,0.0896001486978757,-0.227319336112519,0.498089369950319,-0.227319336112519,0.498089369950319,-0.188584463829387,-0.277148762844918,0,145,1
"433",201641,"Ramlösa",3,59,754.58,20,12.9508474576271,12.7894915254237,0.16135593220339,0,160,0,1,0.0124591022117524,0.987540897788248,21.7594990701404,12.7468468596269,12.5163811670797,0.230465692547173,32,384.1,12,12.003125,12.15,0.146875,0.987911522633745,23.0536914961935,16.6052493003133,16.9530836233376,0.347834323024318,0.611801541105993,0.0634568266129811,0.0638320569612443,-0.000370624845497214,0.51082562376599,-0.0577755072493562,-0.282680588557332,0.0494931251918634,-0.62693513605575,0.0494931251918634,-0.62693513605575,0.0634568266129811,0.0218202333964005,0,146,1
"436",201642,"Ramlösa",3,36,484.4,12,13.4555555555556,13.4555555555556,0,0,0,0,0,0,1,19.7614883469953,14.9364200604649,14.7509501010153,0.185469959449573,59,754.58,20,12.7894915254237,12.9508474576271,0.16135593220339,0.987540897788248,21.7594990701404,12.5163811670797,12.7468468596269,0.230465692547173,-0.49401850544961,0.0507682140577135,0.0382308464750256,0.0124591022117524,-0.51082562376599,-0.0963153903616303,0.16426921461184,0.221682051258171,-0.00549701951431692,0.221682051258171,-0.00549701951431692,0.0507682140577135,-0.0878177023573948,0,147,0
"439",201643,"Ramlösa",3,62,690.04,15,13.1790322580645,11.1296774193548,2.04935483870968,15,165,1,1,0.155501162648391,0.844498837351609,19.8048972344021,21.1354562173938,20.9378370218322,0.197619195561563,36,484.4,12,13.4555555555556,13.4555555555556,0,1,19.7614883469953,14.7509501010153,14.9364200604649,0.185469959449573,0.543615446588982,-0.189776891342375,-0.0207649718772571,-0.155501162648391,0.22314355131421,0.00219423150159104,0.350250411681341,-0.535787730055642,1.78315298389796,-0.535787730055642,1.78315298389796,-0.189776891342375,-0.468441873544543,0,148,1
"444",201644,"Ramlösa",3,43,600.76,18,14.1558139534884,13.9711627906977,0.184651162790698,0,72,0,1,0.0130441925414818,0.986955807458518,21.964965727342,13.0481246330225,12.8460364592587,0.202088173763822,62,690.04,15,11.1296774193548,13.1790322580645,2.04935483870968,0.844498837351609,19.8048972344021,20.9378370218322,21.1354562173938,0.197619195561563,-0.365934269351529,0.227380222763366,0.0714983184607463,0.142456970106909,0.182321556793954,0.103519474907061,-0.48852258900941,0.312861399760112,-0.542144016429635,0.312861399760112,-0.542144016429635,0.227380222763366,0.0875854848308551,1,149,1
"445",201645,"Ramlösa",3,28,306,11,10.9714285714286,10.9285714285714,0.0428571428571429,0,11,0,1,0.00390625,0.99609375,17.4890944542693,13.8385544052286,13.6580027694476,0.1805516357811,43,600.76,18,13.9711627906977,14.1558139534884,0.184651162790698,0.986955807458518,21.964965727342,12.8460364592587,13.0481246330225,0.202088173763822,-0.428995605518359,-0.245614812866641,-0.254830928708003,0.00913794254148181,-0.492476485097794,-0.227871204462028,0.0612903162985194,-0.613609076561029,-0.301336520859576,-0.613609076561029,-0.301336520859576,-0.245614812866641,-0.199841176411368,0,150,1
"448",201646,"Ramlösa",3,41,512.57,17,12.6560975609756,12.5017073170732,0.154390243902439,0,68,0,1,0.0121988822509154,0.987801117749085,21.5340191142042,12.7083645720563,12.3892118182942,0.319152753762099,28,306,11,10.9285714285714,10.9714285714286,0.0428571428571429,0.99609375,17.4890944542693,13.6580027694476,13.8385544052286,0.1805516357811,0.381367556529104,0.134484628570001,0.142844628571073,-0.00829263225091537,0.435318071257845,0.208056456388129,-0.0974995540350712,-0.0825485329041127,-0.681406936324378,-0.0825485329041127,-0.681406936324378,0.134484628570001,0.0090801174787267,0,151,1
"451",201647,"Ramlösa",3,22,327.2,12,14.9454545454545,14.8727272727273,0.0727272727272727,0,36,0,1,0.0048661800486618,0.995133819951338,18.2470338348679,11.538708097207,10.7064552280977,0.832252869109318,41,512.57,17,12.5017073170732,12.6560975609756,0.154390243902439,0.987801117749085,21.5340191142042,12.3892118182942,12.7083645720563,0.319152753762099,-0.622529613345992,0.173663931023099,0.166268090154323,0.00733270220225357,-0.348306694268216,-0.165631431799337,-0.145979227369127,0.454981140306428,-1.81077660860448,0.454981140306428,-1.81077660860448,0.173663931023099,0.389136456078924,0,152,1
"456",201648,"Ramlösa",3,12,210.43,6,18.2333333333333,17.5358333333333,0.6975,0,12,0,1,0.038254113345521,0.961745886654479,10.8738361383765,26.0272656926817,25.8212873928659,0.205978299815801,22,327.2,12,14.8727272727273,14.9454545454545,0.0727272727272727,0.995133819951338,18.2470338348679,10.7064552280977,11.538708097207,0.832252869109318,-0.606135803570316,0.164717255092255,0.198844210936116,-0.0333879332968592,-0.693147180559945,-0.517642987733824,0.88035239256664,0.916033884735028,2.37510708419477,0.916033884735028,2.37510708419477,0.164717255092255,-0.320876877030605,0,153,1
